Neural_n,Neural_l,Neural_p,MSC_n,MSC_l,MSC_p,Fibroblast_n,Fibroblast_l,Fibroblast_p,Megakaryocyte_n,Megakaryocyte_l,Megakaryocyte_p,Myeloid_n,Myeloid_l,Myeloid_p
HMGA1,9.731596,3.917129771551765e-34,STAT1,,5.1065359555155765e-18,PITX1,,7.411893653251954e-10,MYC,5.012281,1.3627293810378837e-13,SPI1,5.869692,0.1160757994025675
FOXP3,-0.1238189,4.511710196478627e-32,NFKB1,,3.498032783228684e-17,ZNF382,,4.159685208784211e-09,SMAD5,5.551679,5.8360762390088595e-09,RARG,4.660128,0.16238023637146173
KLF2,-1.8213156,3.8764106137415107e-31,STAT2,,8.010550518274656e-17,GLI2,,1.303779561817328e-06,NFAT5,,2.7172376596948535e-08,RARB,4.22454,0.44922782867513233
SOX4,-0.7938182,1.7059680601283252e-28,STAT3,7.678421,1.6510084447881654e-16,ZBTB16,1.7887774,1.4334719495580369e-06,ZBED1,3.9907477,4.389260904381244e-08,MYB,4.7157717,0.5987576724987498
CDX1,-0.7012562,2.8836025225499404e-27,HIVEP2,7.8240223,3.7961292456394336e-16,PAX6,2.4554806,4.441103070820275e-06,ETS1,2.5573983,1.5294953547599862e-07,CEBPA,,0.9260142338079165
PAX2,,8.892324269122983e-27,NR1H3,,3.0730972805069562e-15,SIX5,1.918081,5.037546880218739e-06,STAT4,,3.5599897476446132e-06,CEBPE,5.266844,1.0
SPDEF,-1.983684,6.264030326011086e-26,FOXP2,,7.52219507769107e-15,PBX3,2.2868109,1.568765375657854e-05,HIVEP2,5.2760644,5.761217450774225e-05,BCL6,,1.0
TAL1,-1.8824184,5.515286460723919e-23,JUN,5.0491166,1.46187584521331e-14,LHX2,,2.111750063865391e-05,TEAD2,2.2000086,9.593767848260488e-05,LYL1,,1.0
SOX2,-2.2710164,1.644377724361733e-22,RELA,,2.8242085103661332e-14,YBX1,,6.267022709646603e-05,ZBTB33,1.722445,0.0007192745714380283,PCGF2,-2.9800632,1.0
GATA3,-1.2489496,2.4478815301832156e-22,NR2F2,,3.512791420376744e-14,SMAD5,3.0603497,0.00010370525280970807,PITX1,,0.0007745525448466655,ZBTB2,,1.0
HSF1,,2.9317249146865833e-22,USF1,3.4910762,5.522549251825175e-14,SP3,3.2833905,0.003580114157229193,STAT5A,1.817909,0.0017657079950544226,BHLHE22,,1.0
GLI3,,3.039304526013602e-22,USF2,3.5618572,6.855068265030694e-14,ZNF165,2.0259337,0.00662998188734275,PAX5,4.344155,0.002830071417369998,RARA,3.0668595,1.0
MITF,,4.0531756839999126e-22,ZHX1,3.98256,1.0354586861777121e-13,VDR,1.3449711,0.008039724867509713,ZNF207,1.8057563,0.002930861661375159,ELF5,2.2205918,1.0
FOXA1,-1.3306592,9.916231690999966e-22,IRF1,6.487551,1.0541363149066425e-13,PRDM1,,0.008471150132805886,ZNF382,,0.0030350777496438333,TBX21,,1.0
IRF8,-3.221641,4.0858763690277895e-21,NR1H2,2.7007682,2.109314956345221e-13,ZNF589,3.7395577,0.01556750385566863,ELF5,2.0278652,0.019499409537343172,NRF1,2.0724633,1.0
PIN1,-1.2710801,6.117172277666311e-20,HIF1A,3.4167721,4.821266839688796e-13,E2F7,1.4828993,0.018571554855539206,RFX5,2.5484734,0.021682195975522553,STAT5B,,1.0
SOX10,,9.568896150461192e-19,SP1,3.6907735,8.271000096055383e-13,ZC3H8,3.0509734,0.023245666489524287,ZFX,1.3668003,0.027041719988700745,HOXA10,0.64323765,1.0
PAX3,,4.891510639845145e-18,ETV4,3.409012,2.025122407033943e-12,MYC,1.4234937,0.04208672934055254,SIX5,1.6028022,0.02849097036468986,HIC1,0.82189083,1.0
SETDB1,-1.1760786,3.188273775839048e-17,SOX13,,2.361643507119084e-12,HOXA10,-0.91559106,0.04819140717062379,STAT2,3.8195627,0.040473736174360536,RBPJ,,1.0
E2F1,,5.840645049189083e-17,SMAD3,5.489948,2.361643507119084e-12,ZBTB2,0.24369031,0.06009805377277877,HOXA10,1.4718646,0.06632345335638354,MAF,,1.0
GFI1,0.15918322,8.815903040382621e-17,TCF4,5.389946,3.3757408376844496e-12,DNMT1,1.0293143,0.0758972181937739,DNMT1,1.1654202,0.1539268060443626,E2F3,-0.40830806,1.0
GATA1,-2.194887,9.39930426083259e-16,HIC1,1.4231951,5.604016153571205e-12,NR2C2,1.6450241,0.07648569817285619,SPI1,2.8601785,0.15538332988925965,POU2F2,,1.0
GATA2,-1.2674567,3.08273312305501e-15,FOXF2,,8.242436925098629e-12,ZBTB33,1.1758136,0.09126315939362488,BCL11A,1.359744,0.19265178797229598,IRF1,1.7337432,1.0
MAFB,-2.8739786,3.4290644636758125e-14,ELF3,,4.884282251402381e-11,KLF5,1.209341,0.09626713656773103,HIC1,0.62935543,0.4413314718369144,VDR,1.9780253,1.0
TFAP2C,-0.8958409,7.522976034794817e-14,PPARG,,7.216028794148515e-10,HIC1,0.37479994,0.15669678542557094,TBX21,-4.048606,0.4732077966155037,FOXF2,-0.115054026,1.0
MEIS2,-0.9478508,7.971040657699951e-14,SMAD4,,7.442455649483676e-10,KLF10,,0.23049777521973408,ZBTB16,1.3168294,0.48993057092437037,DEAF1,1.7218195,1.0
FOSB,,1.2823631889521802e-13,AHR,,8.039454764479167e-10,EPAS1,2.4354327,0.2875144869138339,NFKB1,1.1871673,0.5071969557940272,ETV6,1.4891242,1.0
NR5A1,,1.683701338553426e-13,MBD4,4.963383,1.028317044357913e-09,KLF13,1.2803209,0.36240463036692305,VDR,1.1753489,0.9009491287771549,E2F2,-4.643654,1.0
PDX1,-1.8141202,1.683701338553426e-13,CEBPB,,1.0933845880280885e-09,HIF1A,1.2826093,0.36747856877278046,PAX6,1.1643409,1.0,NFATC1,1.3403063,1.0
MYBL1,0.6419919,3.333779653253013e-13,SP4,2.7637155,1.2358613465859553e-09,RXRA,1.5089424,0.4937934799891978,ETV6,1.1808996,1.0,KLF13,1.3595041,1.0
HNF4A,-1.6653513,4.950198327491888e-13,HSF2,1.9464349,1.7815583082783413e-09,ZBED1,1.2613505,0.9944132687185818,BCL6,,1.0,GLYR1,,1.0
FOS,,6.555955917270811e-13,ATF2,3.8719654,2.7205787845120346e-09,MYB,4.199813,1.0,USF2,1.0878944,1.0,GFI1,,1.0
MSX2,,9.969853464426974e-13,E2F7,3.2589185,5.099704421365883e-09,EHF,,1.0,ZZZ3,3.131861,1.0,MEF2B,,1.0
CTCF,-1.9900976,1.054082916400132e-12,FOSL2,,6.758437547237541e-09,JUND,2.4324389,1.0,ZNF589,1.896345,1.0,SMAD5,2.539156,1.0
POU4F2,,1.6657967380009085e-12,AR,4.916221,1.0204198531216086e-08,TWIST2,3.5030086,1.0,NFATC1,0.9627284,1.0,MECP2,,1.0
MTF1,,2.771980116613778e-12,TP53,3.2077549,1.3665928913144231e-08,ELF5,1.3505422,1.0,ZNF83,1.0925469,1.0,ZNF382,-2.5462575,1.0
THAP11,,3.5948197132091988e-12,ETV1,,1.4275785670391083e-08,ZNF217,,1.0,MYB,2.3908236,1.0,NR4A1,,1.0
ATF5,-2.598992,4.291879251678105e-12,CUX1,3.4680977,1.5130507843970837e-08,RUNX2,-4.416929,1.0,MAF,,1.0,YBX1,,1.0
MEF2D,1.7190094,5.191526690863842e-12,MYBL2,,3.1554758399325315e-08,SMAD1,0.90056235,1.0,BHLHE22,-0.58737564,1.0,STAT5A,1.4181707,1.0
TERF2,-1.7882446,1.3872399263605982e-11,NR3C1,,3.5880876114786056e-08,MBD3,,1.0,ZNF592,1.3885905,1.0,CEBPB,2.7299087,1.0
ASCL1,-1.1481553,3.8963638455448366e-11,ESR2,3.1069705,3.852946005519478e-08,SRF,1.0101249,1.0,HSF2,-0.26348296,1.0,CREB3,,1.0
ATF1,4.8874946,3.9478327565105004e-11,PROX1,,8.139840389252525e-08,GRHL2,-1.0008608,1.0,ZBTB11,,1.0,CEBPD,1.0086501,1.0
NFAT5,,6.40214842425494e-11,ZNF318,1.9953926,9.759845143976217e-08,ZNF274,-0.40617895,1.0,STAT5B,,1.0,ELF1,1.9375083,1.0
NR2F1,-2.3543372,6.570903777262313e-11,HHEX,,1.236008469869684e-07,TEAD1,-1.1646522,1.0,ZNF639,0.86133957,1.0,MBD1,,1.0
BMAL1,,8.970486855597977e-11,ESR1,,1.2532500402829538e-07,ELK1,0.4988171,1.0,FOXF2,,1.0,TCF3,,1.0
NFE2,,1.6847269621383544e-10,KLF6,,1.721345075308987e-07,MAZ,1.2500389,1.0,ZNF584,-1.9069352,1.0,MYNN,1.8084882,1.0
TERF1,-1.3576325,1.7064098716877343e-10,JUND,,3.449624654107519e-07,ZNF92,-0.43668684,1.0,LYL1,-0.84082043,1.0,DNMT1,0.97966623,1.0
E2F3,-0.705199,2.2591349174407394e-10,HBP1,2.4654071,6.224729944311353e-07,TWIST1,,1.0,E2F5,0.91916037,1.0,BCL11A,1.0474448,1.0
ZNF740,4.9632473,3.5198620486989694e-10,TFAP2A,7.2370925,6.224729944311353e-07,NFE2L1,-0.66795456,1.0,NFYB,0.59945446,1.0,MXI1,1.0320252,1.0
GTF2B,-1.3317416,4.1462499373137e-10,RFX5,3.3385015,8.671115958432342e-07,SMAD3,0.72876966,1.0,CREB3,,1.0,HOXA9,-2.2318804,1.0
PRDM14,-3.1289191,6.841540109895508e-10,NFIC,3.0519364,2.2458693546272562e-06,HOXB7,,1.0,USF1,0.58961457,1.0,PITX1,-3.5943308,1.0
FOXL2,1.4523941,8.244904027326005e-10,NANOG,,2.5867566136153605e-06,MAX,0.7385094,1.0,NFYA,0.6625995,1.0,HES1,-0.5445011,1.0
HNF1A,1.2257234,8.347903869624169e-10,CEBPA,,5.13550966340725e-06,E2F4,0.5873497,1.0,TCF3,-1.7319005,1.0,ZC3H8,1.5985982,1.0
KLF8,-3.031293,1.0562778099885522e-09,TEAD2,2.2809339,5.537605703065305e-06,TBP,0.80990607,1.0,CREM,,1.0,ZFX,0.58201504,1.0
HMBOX1,-6.778512,1.3516267696176785e-09,MEF2A,3.7157595,6.121578087256506e-06,TEAD4,-0.7817489,1.0,ZNF165,0.7164024,1.0,GABPA,,1.0
EGR2,,2.1261686465876917e-09,FOXO3,,8.568170645732198e-06,PROX1,1.9519328,1.0,ZBTB2,0.64898306,1.0,RUNX1,-0.27046505,1.0
MEIS1,-0.9728356,2.778083710564993e-09,ELK1,2.8316371,1.1807356524099576e-05,STAT6,-0.65197253,1.0,NR2C2,0.5720252,1.0,KMT2A,,1.0
RUNX1,-0.616608,4.501225981484566e-09,PGR,,1.2865315966213412e-05,ZZZ3,3.143942,1.0,RUNX3,-0.15463671,1.0,KLF8,-1.160107,1.0
HOXA1,,6.292435061130692e-09,RUNX2,,1.7875892018380853e-05,FOXM1,0.5889291,1.0,MEF2B,-1.140264,1.0,PAX5,1.922079,1.0
NR1H4,,9.647093577803376e-09,HOXA10,0.703578,1.8537511692670585e-05,MBD2,-0.44825816,1.0,YBX1,4.5565925,1.0,IRF4,-1.4048395,1.0
NR5A2,-1.3625585,1.405914376525079e-08,ZNF217,,2.962341799387033e-05,ETV4,0.49231493,1.0,KLF10,-1.8505805,1.0,CREM,,1.0
DDIT3,,2.459464155664409e-08,NR2F6,,3.220034391766269e-05,ZNF584,-0.82412905,1.0,PPARD,1.9785218,1.0,EBF1,-1.284198,1.0
FOXO4,0.7817032,3.557303217820848e-08,MEF2C,3.6852643,4.08162330913868e-05,ETV6,0.73277867,1.0,SREBF1,0.5713955,1.0,FLI1,-0.5593926,1.0
CREB5,,5.430121109352257e-08,CEBPD,2.126939,4.130104025442089e-05,SREBF2,-0.42862034,1.0,KMT2B,0.547334,1.0,IRF3,1.7450682,1.0
MAFG,-1.1142017,6.585959505135004e-08,ERG,,4.870219003254535e-05,SNAI2,-1.148193,1.0,BRF2,0.22767125,1.0,BHLHE40,0.7334899,1.0
ZNF197,,6.969449653278243e-08,ZBED1,3.0581684,6.226024066830987e-05,NR1I2,0.7537341,1.0,BATF,-0.26871562,1.0,TEAD2,0.64253455,1.0
ZNF143,-1.8900193,7.543204887090314e-08,ZNF175,,8.035766269639044e-05,NEUROD1,,1.0,IRF1,0.73459166,1.0,BATF,-1.2303079,1.0
NFYC,1.6317778,1.8852002911500637e-07,ATF4,4.1909847,8.611638156519536e-05,ELF3,-1.7672445,1.0,SP2,0.20014282,1.0,SP2,1.1196741,1.0
SOX11,-1.3601391,4.928307465906981e-07,RXRA,2.6857436,0.00010710428399006743,OTX2,-0.3148055,1.0,CEBPZ,0.23443,1.0,SREBF1,0.6621447,1.0
NFKB2,,4.928307465906981e-07,HNF4G,,0.00011601824561085022,RFX1,,1.0,IRF9,0.30876592,1.0,JUNB,0.89407,1.0
KMT2A,,6.379694166670539e-07,TEAD1,,0.0001285360536311584,FOSL2,-1.9448,1.0,RELA,-0.31128785,1.0,STAT2,-0.26565275,1.0
RFX2,-0.5292184,8.976863023817078e-07,ELK4,3.1463294,0.00016119242644965312,ETS1,0.4107091,1.0,E2F4,0.332521,1.0,ZNF207,0.6456021,1.0
EGR1,,1.8947470615425273e-06,MYCN,,0.0002157709849437018,ZHX1,0.37296152,1.0,POU2F2,-0.26358047,1.0,BACH2,1.0860432,1.0
CEBPG,-1.0519575,2.586423116945923e-06,STAT6,2.7833796,0.00022561104388126558,MNT,-1.679749,1.0,REL,-0.65842015,1.0,ETS1,1.1128775,1.0
SIX2,-1.8684473,5.030183166366465e-06,YBX1,,0.00031450000773182023,HMGN3,0.3189326,1.0,ELK1,0.06685747,1.0,E2F1,-0.60600686,1.0
EOMES,-1.0386776,5.73739095484248e-06,HNF1B,,0.0010162760563267239,FOSL1,-0.31658927,1.0,WT1,0.049705233,1.0,SIX5,0.55754334,1.0
HES1,-1.1975191,7.835744391747077e-06,TBP,1.8616112,0.0010710848245222117,E2F5,0.54947054,1.0,MECP2,,1.0,MEIS1,-0.17634794,1.0
STAT4,-0.80067486,1.6625251539768402e-05,ONECUT1,,0.00109379298325329,CREM,-2.9748013,1.0,ZKSCAN1,0.20678334,1.0,CREB5,,1.0
FOXK2,,2.14211527623042e-05,ZBTB2,0.035088636,0.001240050976013841,NFIA,2.8781092,1.0,JUNB,-0.13191354,1.0,CEBPZ,1.2243674,1.0
MYOD1,-1.2928561,2.2054054362228182e-05,FOXP1,1.8822485,0.0012794459201604632,NFE2L2,0.38525113,1.0,EHF,-0.2709611,1.0,ZBTB16,0.19157858,1.0
PAX8,-0.600518,2.8904293424643215e-05,KDM5B,,0.0016407860864644107,SP1,0.3201415,1.0,ZNF318,-0.010413936,1.0,SOX6,,1.0
CLOCK,-0.53376496,3.5691461004450855e-05,SRF,2.3833833,0.00170981161868109,NR3C1,-2.3896623,1.0,TGIF2,0.13753903,1.0,ESR2,0.2511895,1.0
PKNOX1,-1.287591,5.2184111182740756e-05,ATF3,,0.0021639616188813895,MYOD1,-0.13440959,1.0,E2F2,-0.029419987,1.0,TERF1,-0.44654542,1.0
FOXK1,2.560358,6.066791501441356e-05,MAZ,3.621408,0.00220849706871273,PKNOX1,-0.23778717,1.0,DEAF1,-0.052954275,1.0,ZEB1,0.41505507,1.0
GABPA,,6.789087943770437e-05,GRHL2,,0.0022310923918894303,ZFX,0.26674953,1.0,EBF1,-0.0057693874,1.0,EPAS1,0.87093496,1.0
DUX4,,8.412681505424484e-05,PAX6,1.810477,0.003306846917165963,HES1,-0.4309443,1.0,BHLHE40,-0.19473523,1.0,SREBF2,-0.18158619,1.0
GLYR1,-1.6125714,9.402730666358375e-05,TWIST1,,0.003476248321381112,CBX2,-0.08235207,1.0,RBPJ,0.073966965,1.0,ARID3A,,1.0
CEBPE,-0.7567391,0.00012169971385659389,ESRRA,-2.0884466,0.004543982695045919,HSF2,-1.6581432,1.0,IRF4,0.048938148,1.0,GLI1,0.23406701,1.0
HOXB13,-0.63648385,0.00012282094834837836,GATA6,,0.005422550929562734,CREB3,-4.9760656,1.0,BACH2,-0.27441797,1.0,ZBED1,0.5394445,1.0
NCOA1,-0.82947737,0.0001297606963984464,NR1H4,,0.005749808754238197,TCF4,0.38174286,1.0,FOXO3,2.1780183,1.0,TGIF2,0.62360024,1.0
FOXA2,-1.2184813,0.00013095352270608691,FOXM1,1.7616116,0.006276211353483286,USF1,0.09318868,1.0,TFDP1,-0.21631587,1.0,ZZZ3,0.2918741,1.0
ZNF274,-0.78152466,0.0001571561775234272,ARID2,2.213653,0.007256992391482955,TP63,-0.23675959,1.0,ESR2,-0.33008832,1.0,HSF2,-4.236157,1.0
ZNF766,-1.010764,0.00019181471443635852,ETS2,4.717295,0.007838094218372336,ARNT,-0.38487607,1.0,ZHX2,-0.1307437,1.0,ZNF83,0.0706255,1.0
IRF3,,0.00024449239760483644,SP3,2.5564117,0.009953075174544255,SNAI1,2.639521,1.0,FOXD3,-1.442489,1.0,ZHX1,0.5697406,1.0
CEBPA,,0.0005998720900946984,SMAD1,1.5123326,0.01811579230012099,KDM5B,0.6569155,1.0,HOXA9,0.17663106,1.0,TERF2,-0.25687027,1.0
FLI1,-2.1963396,0.0007189161701924841,ETV6,1.8317575,0.01828347730755844,ATF3,-0.5784225,1.0,SMAD1,-0.1932479,1.0,GTF2B,-0.29029146,1.0
ZNF750,-1.0881444,0.0007634156583369063,NR1I2,2.321536,0.020601684484361348,HNF1B,-0.107522264,1.0,ZNF217,1.3209971,1.0,HOXB7,,1.0
POU5F1,-1.2660073,0.0008175122394248219,KLF1,1.7148927,0.02098214407706829,GATA6,-0.113161705,1.0,THAP1,0.35929015,1.0,KLF5,0.053302426,1.0
KLF3,,0.0015265099303946633,CDX2,,0.02098214407706829,NCOA3,-0.10393849,1.0,KLF8,0.0636219,1.0,LEF1,-3.0555792,1.0
KLF4,3.244023,0.00269379820878604,CREB3,,0.033856927778532844,STAT3,-0.7726131,1.0,CEBPD,-0.43977228,1.0,PKNOX1,-0.025290424,1.0
XBP1,-0.4146742,0.0031676889281207978,PRDM1,,0.036032072575688794,TFCP2,1.5269516,1.0,HMGN3,-0.21116196,1.0,SNAPC4,-6.8436594,1.0
ONECUT1,-2.9513385,0.0034060289260725574,YY1,1.7019671,0.08784866094186458,WT1,0.35195795,1.0,NR1I2,-1.7527434,1.0,NFAT5,-0.2375894,1.0
TFCP2,,0.004062880332442444,KLF9,,0.0988046094820442,MYBL2,0.028366316,1.0,SP4,-0.4674996,1.0,NFYA,0.115029305,1.0
ATF6,0.42245367,0.0041282521712835306,CREB3L1,1.5941195,0.10301865082219902,NFIC,-0.13191779,1.0,ATF2,-0.8534038,1.0,ETV1,,1.0
NFYB,2.1465948,0.004399919512812484,PBX3,1.6950198,0.10562729422592347,PGR,-0.17709622,1.0,GLI2,,1.0,IRF9,0.09834473,1.0
SREBF2,-1.8080912,0.005115159229842876,FOXJ2,,0.10562729422592347,ZNF24,-0.28247848,1.0,NR1H3,,1.0,ZNF263,-0.65312815,1.0
RARA,2.4661195,0.0059872445010745595,STAT5A,1.1599019,0.10920181247779681,TEAD2,0.071128055,1.0,PIN1,-1.8618063,1.0,EHF,0.047798354,1.0
TFAP4,-1.5505491,0.006129695316333447,SIX5,1.2424854,0.11011297629684402,MAFK,-0.00941887,1.0,E2F3,0.06419373,1.0,CTCFL,,1.0
ADNP,-0.27921465,0.010858287817621156,MYB,3.9395428,0.11382929657675303,FOXP2,-0.9456861,1.0,IRF3,,1.0,MEF2C,-0.21694982,1.0
TP73,-0.66047376,0.011024974169908858,RARG,2.203399,0.12466356380411672,KLF4,0.27784806,1.0,RFX1,,1.0,TFDP1,0.57546985,1.0
TFDP1,1.3520724,0.012543347676335723,LHX2,,0.14332075469403946,CLOCK,-0.076302715,1.0,FOXJ2,,1.0,TBP,0.15834098,1.0
CTCFL,,0.01263858427816428,NME2,-2.2590537,0.15297553678193854,TP73,-0.092131555,1.0,HIF1A,-0.86794776,1.0,ZNF197,-0.33038852,1.0
MAFK,-0.8149566,0.014474847881799546,POU5F1,-2.6032817,0.20279607592883755,JUNB,0.27053463,1.0,ZNF24,0.8023737,1.0,MAX,0.11795036,1.0
THAP1,-1.902169,0.015028220351152241,REST,2.6049204,0.21613166822029414,ESRRA,0.009713025,1.0,HINFP,1.0919741,1.0,NFKB2,0.26458117,1.0
NCOA2,-0.66792375,0.017842489736308902,KLF3,,0.23394895455054596,CEBPD,-0.19592744,1.0,ELF1,-3.0466156,1.0,FOXO3,1.7350175,1.0
PCGF2,-0.88347805,0.018109507874729792,TCF12,,0.2491762480830681,ZBTB7A,0.14539038,1.0,KLF5,-0.5803423,1.0,ARID2,0.24270369,1.0
E2F6,,0.025590111183717196,HNF4A,-1.0829245,0.2653204880634267,KLF1,0.036963202,1.0,ELK4,-1.4737483,1.0,PPARD,1.0619953,1.0
MAFF,-2.329032,0.034917605299036966,REL,3.294192,0.28023823066825343,STAT5B,3.5698562,1.0,CREB5,,1.0,NEUROD1,0.5018833,1.0
IKZF1,,0.036974425574329735,ELF1,3.1502671,0.2846413062499804,SP4,-0.08515931,1.0,RELB,2.1471672,1.0,ATF2,-0.4122613,1.0
ARID3A,,0.05265666155468418,PPARA,,0.29823875373118874,BACH1,-0.13129377,1.0,GATA6,0.8510025,1.0,HINFP,,1.0
SNAPC4,,0.05302646194994962,CXXC4,1.1691595,0.3029035096887941,ZKSCAN1,0.00831388,1.0,TBP,-0.7361367,1.0,SPIB,0.028326605,1.0
RUNX3,-0.75909626,0.05686140780041972,KMT2A,,0.3052611804374509,ZNF592,-0.14763035,1.0,MEF2C,-6.9751887,1.0,RUNX3,-0.0033565552,1.0
ESR1,-1.1979128,0.07293890270762662,HOXA9,,0.33234306757470816,BACH2,-0.517967,1.0,FOXO4,0.42282218,1.0,ZNF592,-0.7015594,1.0
CXXC4,1.0039966,0.08651900685571787,ZBTB33,1.2416363,0.620519464487488,CDX2,0.54067785,1.0,MEF2A,,1.0,TCF7,4.0581374,1.0
NME2,-0.658664,0.08829939625890645,MBD1,,0.6389923273287662,KLF6,0.102008775,1.0,SOX6,2.3251524,1.0,TCF12,,1.0
ZNF263,,0.09972426004377828,PPARD,2.2548912,0.662794032661482,ZNF644,4.834676,1.0,TERF1,0.27606112,1.0,THAP1,-0.30422103,1.0
ETS2,1.4068928,0.10175809994557981,VDR,1.1317353,0.6676510463515672,GATA4,-0.020522486,1.0,CXXC4,-0.77640367,1.0,CDX1,-1.0201008,1.0
E2F2,-0.86494917,0.12028287852278906,GATA2,-0.8494929,0.6874078682398798,ZEB1,-0.27326006,1.0,HES1,-0.041485086,1.0,PBX2,0.206248,1.0
SPIB,-0.53194577,0.14763775884805952,SIX2,-1.7728244,0.7077002846756026,LEF1,-0.04796081,1.0,MYCN,,1.0,ZBTB33,0.14000584,1.0
TCF7,,0.24272422932737278,RFX1,,0.8294755961885559,ATF2,-0.43040422,1.0,NCOA1,0.24890633,1.0,MYC,0.116980225,1.0
NR2F6,-0.92425376,0.2442694542733998,SMAD5,2.2625415,0.872073264498695,FOXD3,-0.04523197,1.0,NFKB2,0.8880324,1.0,ZNF24,-0.0003775563,1.0
TCF7L2,-1.3538238,0.2569644822420589,FOXL2,3.5736213,0.9166644367256904,NR2F2,0.9970142,1.0,ZEB1,-3.1629484,1.0,ZBTB7A,0.33806646,1.0
MYNN,2.001104,0.26353938681293043,ARID3A,,1.0,MBD1,0.83081865,1.0,KLF13,-1.1916335,1.0,KLF10,-0.5861562,1.0
SOX9,1.0656699,0.2754228194344006,ATF7,,1.0,TCF7L2,0.121912524,1.0,CREB3L1,-1.2681111,1.0,HIVEP2,0.76661825,1.0
LYL1,-0.4444133,0.3102320452297746,EGR1,,1.0,HINFP,0.3696378,1.0,ZNF263,1.3988229,1.0,ZNF584,0.46461022,1.0
PBX2,-0.5934682,0.3141243130101904,BACH1,1.1785756,1.0,CEBPB,,1.0,ZNF644,,1.0,HMBOX1,-0.3223504,1.0
ZNF384,1.679043,0.31608737990030916,PRDM14,-1.784518,1.0,CREB1,-0.022133479,1.0,ATF6,-0.7967979,1.0,NFKB1,-1.4646245,1.0
NCOA3,-0.4289791,0.3240539273350138,ZNF384,1.3771764,1.0,CEBPE,0.90440494,1.0,ATF5,1.4856344,1.0,ZNF644,1.7681597,1.0
ZNF639,1.6832628,0.49431238865102106,CREB1,1.4145011,1.0,TCF12,,1.0,ARNT,0.574942,1.0,TWIST1,,1.0
SATB1,-0.8843767,0.49729757304664746,FOXA2,-1.8227258,1.0,CREB3L1,-0.24893065,1.0,RFX2,0.20232117,1.0,ARNT,0.03282024,1.0
EBF1,-0.9032841,0.5408734424512152,ZEB1,1.997754,1.0,ELF1,-1.0785352,1.0,EPAS1,,1.0,GATA6,0.4344671,1.0
NFE2L2,1.2891254,0.6165040806404949,RELB,,1.0,MAFF,0.28544888,1.0,SPIB,0.36846933,1.0,YY1,-0.36939788,1.0
ZBTB11,,0.6165040806404949,BCL11A,1.166185,1.0,SREBF1,-0.3853986,1.0,GFI1B,,1.0,USF2,-0.19723757,1.0
SOX6,,0.6312581518644451,HINFP,,1.0,ARID2,-0.5533908,1.0,NR1H2,-1.0185311,1.0,HNF1B,0.74798375,1.0
MEF2B,,0.7839496237629449,JUNB,1.812067,1.0,NR4A1,0.0925462,1.0,MYNN,-2.6952355,1.0,RELA,-1.0299973,1.0
TFAP2A,2.15343,0.8403155315333839,TEAD4,-1.581539,1.0,ZNF318,-0.1987982,1.0,NEUROD1,2.0352814,1.0,SATB1,0.2592977,1.0
FOXO1,-0.5536736,0.9698407298040822,DUX4,,1.0,FOXF2,,1.0,THAP11,,1.0,TFAP4,0.34908348,1.0
PPARG,4.213686,1.0,BHLHE22,-0.5277174,1.0,ETV1,2.9200082,1.0,STAT6,-2.430236,1.0,RELB,-0.37444767,1.0
CEBPZ,3.900704,1.0,TWIST2,1.2681136,1.0,NCOA2,0.08068804,1.0,NRF1,-2.617224,1.0,SP4,-0.38747156,1.0
SPI1,1.8883456,1.0,ATF6,2.5426166,1.0,GFI1B,-0.7558409,1.0,ETV4,-1.462397,1.0,CUX1,-0.75742865,1.0
NANOG,-1.472358,1.0,NFYC,2.1310678,1.0,FOXJ2,,1.0,KLF1,-1.7072083,1.0,MNT,0.6862673,1.0
KLF9,,1.0,ZNF207,1.0617682,1.0,MXI1,-0.40107068,1.0,SREBF2,0.6155578,1.0,NFE2,0.29658467,1.0
PPARA,-0.6836135,1.0,WT1,1.1492078,1.0,BRF2,-0.24779978,1.0,ZEB2,1.1857873,1.0,NFYB,-0.5044391,1.0
ATF4,1.3075306,1.0,TFAP4,-1.4658295,1.0,ELK4,-1.0614284,1.0,ZNF197,1.0262792,1.0,KMT2B,0.7888715,1.0
RARB,1.2982988,1.0,GLI1,2.297649,1.0,SNAPC4,1.6374308,1.0,POU2F1,0.8692275,1.0,SNAI2,-0.8423226,1.0
SNAI1,-1.680206,1.0,TP63,-0.47964287,1.0,AHR,,1.0,NR4A1,0.87874746,1.0,E2F5,-0.51981086,1.0
IRF2,1.4825916,1.0,ZC3H8,1.988832,1.0,HOXA1,,1.0,IRF2,-3.2868779,1.0,POU5F1,0.30505085,1.0
GFI1B,2.324051,1.0,ZZZ3,3.0862038,1.0,CTCFL,4.615394,1.0,PCGF2,0.44336915,1.0,MBD4,-1.313301,1.0
POU2F1,-0.62184995,1.0,ZHX2,0.9448991,1.0,SOX13,0.6680291,1.0,TERF2,0.47671145,1.0,TP73,0.19892766,1.0
ZEB2,-1.9125701,1.0,SOX9,1.2278103,1.0,BMAL1,0.38278857,1.0,ZNF766,0.39432266,1.0,ZNF384,-0.1345232,1.0
HNF4G,-0.6246679,1.0,MEF2D,3.7467766,1.0,GLI1,1.0195445,1.0,REST,,1.0,CREB3L1,-0.48811603,1.0
GATA4,-0.5088189,1.0,ZNF750,-0.75841707,1.0,HOXA9,0.56725955,1.0,TCF7,,1.0,TAL1,0.11752054,1.0
NFYA,1.7520117,1.0,FOXD3,2.3368802,1.0,MYCN,,1.0,GABPA,3.5188198,1.0,GLI3,3.9979115,1.0
YY1,1.4268725,1.0,RARB,1.3404179,1.0,ZNF83,-0.71897507,1.0,GLI1,,1.0,NR2C2,-0.9928164,1.0
NFIA,,1.0,TCF7,,1.0,XBP1,0.16209061,1.0,SNAPC4,3.5280232,1.0,HBP1,-0.16469127,1.0
TCF3,-1.3442347,1.0,IRF2,1.1879497,1.0,SMAD4,,1.0,MBD4,-2.6044164,1.0,FOXD3,-27.261967,1.0
FOXP1,0.556604,1.0,XBP1,-0.74428535,1.0,ERG,0.4825101,1.0,E2F7,-1.4810445,1.0,THAP11,,1.0
NFE2L1,-0.8452465,1.0,FOSL1,-0.77486587,1.0,ZNF263,0.9524722,1.0,SPDEF,-0.28131112,1.0,ELF3,1.1215193,1.0
OTX2,-0.46961826,1.0,SNAI2,-1.6100492,1.0,EOMES,0.22500308,1.0,ZC3H8,,1.0,FOXJ2,,1.0
ZHX2,0.77181065,1.0,BRF2,0.62172145,1.0,ZNF766,0.2512281,1.0,ZBTB7A,1.0601171,1.0,POU2F1,0.43674824,1.0
TP63,-0.44506222,1.0,FOXA1,-0.24659957,1.0,NR1H2,-0.46158522,1.0,FOXP3,0.27828145,1.0,IRF2,-1.5901687,1.0
BACH1,0.78375727,1.0,MXI1,0.93237334,1.0,NFATC1,-0.5813811,1.0,ZHX1,-2.7211168,1.0,ATF7,0.69566077,1.0
NR4A1,-0.76558954,1.0,TGIF2,0.6786697,1.0,REST,-1.4550953,1.0,PROX1,,1.0,PAX3,,1.0
HBP1,0.6606607,1.0,ZNF92,-0.5035984,1.0,FOXO1,0.23409219,1.0,MAX,-2.1486897,1.0,EGR2,,1.0
NRF1,1.1233851,1.0,MNT,,1.0,NR2F1,0.28172347,1.0,NFYC,-1.7920622,1.0,ZEB2,0.7582809,1.0
POU2F2,-0.8357404,1.0,RARA,1.3748232,1.0,ESR2,-0.7979551,1.0,PKNOX1,0.54275745,1.0,ASCL1,0.12857497,1.0
ZBTB7A,-0.8481035,1.0,OTX2,-1.0681343,1.0,NRF1,-0.7801829,1.0,NR5A1,-3.3808606,1.0,ETV4,-1.1839129,1.0
TEAD4,-0.5374355,1.0,ARNT,-0.8383045,1.0,ZEB2,0.48148063,1.0,NFIA,-1.5356828,0.9159304232388507,MYCN,,1.0
SP2,1.5006167,1.0,FOXO1,-0.7651693,1.0,HOXB13,0.15451398,1.0,TCF4,,0.8224847656902524,RFX1,,1.0
MBD2,-0.4830705,1.0,LEF1,-1.6675715,1.0,PPARD,-0.8299887,1.0,PBX3,-2.9214838,0.7889319235857423,FOXO1,0.29849407,1.0
RARG,0.13046797,1.0,IKZF1,-1.896705,1.0,PPARA,0.3118616,1.0,NR5A2,0.4951068,0.7566379397882589,MEF2A,-3.0965052,1.0
CBX2,-0.63496804,1.0,FOS,-0.84363455,1.0,CEBPZ,-2.7443917,1.0,CREB1,-3.2637768,0.5576136869895748,NR1I2,-2.087834,1.0
FOSL1,-0.32999763,1.0,BATF,-1.7348208,1.0,ATF7,0.90781814,1.0,PAX2,3.1792097,0.5387692183184224,MAZ,,1.0
ATF7,-1.4705235,1.0,SNAI1,0.49618307,1.0,ZNF207,-0.53296363,1.0,ETV1,,0.48993057092437037,HMGN3,-0.46359393,1.0
STAT1,0.9358163,1.0,CBX2,-0.5078876,1.0,LYL1,0.20971704,1.0,MBD2,0.65283656,0.4413314718369144,SOX9,-1.1680017,1.0
E2F4,0.38730177,1.0,GATA4,-1.2779666,1.0,ZNF175,2.496863,1.0,SP1,-2.2026765,0.3416748238962807,ZNF740,-2.5624907,1.0
IRF9,1.0873635,1.0,SOX11,-0.4704724,1.0,SATB1,0.34674093,1.0,CTCFL,,0.29873222369788227,ZKSCAN1,-0.6502234,1.0
HOXB7,,1.0,FLI1,-0.44066244,1.0,MEIS1,0.16958776,1.0,MSX2,-0.8509533,0.2830019566861455,KLF6,1.046712,1.0
AHR,,1.0,ZKSCAN1,0.64772075,1.0,PAX8,0.22435343,1.0,FOXK1,-5.63952,0.26322271868175795,ZNF175,1.6085382,1.0
REL,-1.3143653,1.0,ADNP,-0.109976605,1.0,MAFG,0.21070787,1.0,CEBPE,-2.180998,0.26322271868175795,CLOCK,0.10757035,1.0
IRF4,-0.40013507,1.0,KMT2B,1.2102824,1.0,DEAF1,-0.9153247,1.0,HOXB7,,0.2469771934269789,ATF5,1.214485,1.0
BHLHE40,0.9105,1.0,PAX5,2.0942788,1.0,RFX2,-0.12837467,1.0,PAX3,,0.23379936002101434,PPARA,0.48556542,1.0
RELB,-0.90009433,1.0,KLF5,0.6111222,1.0,KLF9,,1.0,RXRA,,0.21724469709290808,HOXB13,0.1294094,1.0
TGIF2,0.27964926,1.0,MAF,,1.0,MBD4,0.05035403,1.0,GLYR1,0.8397443,0.20938275603326914,FOXK2,0.816973,1.0
ZNF175,-2.1914241,1.0,STAT5B,,1.0,E2F6,5.650149,1.0,MXI1,-3.570723,0.18219911934820257,NR5A1,5.3130593,1.0
MEF2A,0.8602024,1.0,IRF9,0.80022144,1.0,POU2F1,0.3300494,1.0,GFI1,1.3512444,0.16594494287268619,ATF6,-4.515761,1.0
LEF1,-0.4723707,1.0,MAFK,-0.5172385,1.0,MYNN,-1.4168382,1.0,MYBL1,-1.6774415,0.1568527127740407,NFIA,0.6503484,1.0
DEAF1,0.67153996,1.0,SOX6,,1.0,STAT2,,1.0,CUX1,,0.1413799110798461,FOXP1,-1.1470107,1.0
MXI1,0.45993936,1.0,HMGN3,0.39656866,1.0,CEBPG,0.21241489,1.0,NCOA2,0.5512829,0.13872466073572326,ZNF143,0.32062513,1.0
RBPJ,-0.60602003,1.0,SATB1,-0.22720997,1.0,PBX2,0.24064927,1.0,ZNF274,0.4529121,0.12613336884222476,FOXP2,,1.0
ZNF92,-0.062476378,1.0,BCL6,,1.0,AR,-1.9840168,1.0,SOX9,-3.0295024,0.11029270599329961,MEIS2,0.14890654,1.0
MECP2,,1.0,ZNF584,-1.7175926,1.0,NME2,0.37467456,1.0,RUNX1,0.28216308,0.10612122205419268,RFX5,-2.0057297,1.0
JUN,0.18976584,1.0,ZNF740,0.52766573,1.0,ASCL1,0.21208787,1.0,LEF1,1.6271256,0.09086862785988863,NANOG,0.97110176,1.0
CREM,-0.033186525,1.0,ZNF24,-1.1373533,1.0,ZNF143,0.36769772,1.0,FLI1,0.8483746,0.08403760327242545,SP1,-1.415671,1.0
TP53,0.27988353,1.0,MAX,0.3414678,1.0,KMT2B,,1.0,RARA,,0.07542886611481901,ZNF766,0.22636034,1.0
CREB1,0.113382116,1.0,ZNF644,,1.0,HHEX,1.2513957,1.0,ATF7,1.7546678,0.07395548259735497,ELK4,-1.7052137,1.0
REST,0.7723721,1.0,TCF7L2,-1.0440911,1.0,E2F3,-0.052025206,1.0,MEF2D,-7.2988577,0.07322896938273078,FOXK1,-2.058636,1.0
TCF12,,1.0,E2F6,,1.0,IKZF1,1.1957414,1.0,MTF1,,0.0656676422223284,KLF1,-1.0304971,1.0
BATF,-0.09683921,1.0,FOXK2,-2.1408775,1.0,FOXA2,0.40742597,1.0,PBX2,0.6755328,0.06185904542790491,ADNP,0.22208472,1.0
ZNF644,,1.0,NCOA3,-0.33320138,1.0,POU4F2,1.2572565,1.0,HNF1B,1.6946883,0.05767841994069405,JUND,,1.0
PGR,0.047060926,1.0,PBX2,-0.2699601,1.0,NCOA1,0.333377,1.0,MBD3,,0.050610514521407204,GATA1,0.32266313,1.0
HHEX,-0.2208934,1.0,FOSB,1.050238,1.0,YY1,-1.5404961,1.0,EGR2,,0.04909956475931611,PROX1,,1.0
MBD1,-1.406535,1.0,MBD3,,1.0,USF2,-1.0503625,1.0,NFE2L1,0.9999529,0.046675357856161594,SOX4,0.5357508,1.0
GLI1,-2.4934874,1.0,PCGF2,-0.062934175,1.0,GABPA,3.0408757,1.0,SOX4,0.8903666,0.04620425133103706,ZNF165,-2.112011,1.0
AR,-0.2226563,1.0,POU2F1,-0.65275985,1.0,FOXK1,-1.2853719,1.0,STAT3,,0.04347039263112372,PAX6,-1.1861725,1.0
EHF,0.5650872,1.0,NFATC1,0.546046,1.0,IRF4,0.61973226,1.0,SNAI2,1.5369058,0.0417333405199758,TFAP2C,0.19196297,1.0
MEF2C,0.38887513,1.0,SPI1,1.0612464,1.0,SPIB,0.283351,1.0,DDIT3,,0.040473736174360536,GRHL2,0.6241559,1.0
ESRRA,0.021072699,1.0,ZFX,0.27916196,1.0,THAP1,0.64561313,1.0,KLF2,1.6758642,0.040061898597993924,CBX2,0.44990024,1.0
CDX2,-0.30856097,1.0,BHLHE40,0.75073034,1.0,ZNF197,0.9142672,1.0,CDX1,0.51869136,0.03469574531073467,NR2F2,2.3910146,1.0
BACH2,0.740733,1.0,RBPJ,-2.0187883,1.0,THAP11,,1.0,ELF3,2.5544522,0.03128642727606103,ERG,0.8282599,1.0
TBX21,0.043826845,1.0,EOMES,-0.33067423,1.0,ESR1,0.673144,1.0,ERG,1.4636471,0.025394614687085305,ZBTB11,2.2392628,1.0
MYBL2,-0.32667714,1.0,MAFF,-0.65324366,1.0,SP2,-2.2171726,1.0,SRF,-2.2512765,0.02285847661574471,SP3,,1.0
SMAD4,-0.8305807,1.0,HOXB13,-0.20892695,1.0,CUX1,-1.3592975,1.0,FOXK2,2.9563022,0.018886284412425902,MAFF,0.80690664,1.0
MNT,-0.056896444,1.0,NFE2L2,0.46789762,1.0,IRF3,,1.0,ARID3A,,0.018487732315228073,ATF1,,1.0
MBD3,0.22096097,1.0,CTCF,-0.18806222,1.0,SETDB1,0.20020874,1.0,HMGA1,,0.016434365207926564,DDIT3,2.5077965,1.0
ARID2,0.1734282,1.0,MITF,,1.0,ZNF384,-1.7652847,1.0,JUND,,0.01524236202749486,USF1,-1.305084,1.0
KMT2B,2.880563,1.0,PAX8,-0.18833688,1.0,EGR1,2.2868557,1.0,SATB1,0.81291777,0.014917152956612839,NCOA2,0.24462806,1.0
ERG,0.29801667,1.0,TFAP2C,-0.104851365,1.0,ZNF750,0.4326442,1.0,NR2F2,7.6434727,0.012679686135240113,PPARG,,1.0
BCL6,1.7783074,1.0,MECP2,,1.0,TFDP1,-0.95482165,1.0,KMT2A,1.5482002,0.011245570237111027,BMAL1,0.7000396,1.0
NEUROD1,0.30959025,1.0,ZEB2,-0.07659577,1.0,NFE2,0.85548425,1.0,KLF3,1.828803,0.010882047809795991,ZNF639,-2.2313614,1.0
GLI2,,1.0,TBX21,-0.18789513,1.0,MECP2,,1.0,MNT,2.1870859,0.010645934117775934,TFAP2A,,1.0
FOXO3,,1.0,CEBPG,-0.15306826,1.0,ADNP,0.11676899,1.0,HBP1,-3.2333615,0.009749283626109112,IRF8,1.3547429,1.0
SNAI2,0.17342119,1.0,SOX10,-2.3146718,1.0,NANOG,1.1971029,1.0,CDX2,2.7644892,0.008826468455181502,KDM5B,,1.0
TWIST1,0.012308616,1.0,MYBL1,2.8676865,1.0,POU5F1,0.49149582,1.0,ADNP,0.3305027,0.008729223157953646,E2F7,-1.2418942,1.0
KDM5B,-2.1340404,1.0,NEUROD1,-0.6189172,1.0,BCL11A,-1.0760859,1.0,TCF12,,0.00835033995531303,NCOA1,0.3529691,1.0
NFIC,-0.20752451,1.0,ZNF83,0.3116348,1.0,TFAP2A,,1.0,GATA4,1.2263894,0.0069855948431725885,PBX3,-2.322812,1.0
ZNF24,0.24490918,1.0,ZNF165,0.4892244,1.0,RUNX3,0.45809305,1.0,STAT1,,0.006679199528934855,SMAD1,-1.2528034,1.0
E2F5,0.02618008,1.0,EGR2,,1.0,STAT5A,-0.89170724,1.0,E2F6,,0.006104384432917213,PGR,0.6375161,1.0
SREBF1,-0.11605178,1.0,HMBOX1,0.0038072139,1.0,RBPJ,1.7684169,1.0,IKZF1,1.9941595,0.006104384432917213,NR2F6,0.6191055,1.0
TEAD1,0.3908292,1.0,RUNX1,-0.0071306,1.0,ATF4,,1.0,TP53,,0.0055769040391675725,BACH1,-1.9363495,1.0
TWIST2,-4.8079777,1.0,MTF1,,1.0,ZNF639,-1.7709471,1.0,ZNF740,,0.005210118092694243,AR,,1.0
ATF3,0.27559748,1.0,IRF4,-0.18856238,1.0,POU2F2,0.837747,1.0,SP3,,0.004922149419689397,TCF7L2,0.8649766,1.0
ARNT,0.2954157,1.0,ZNF592,-0.19818994,1.0,HNF4G,0.7370372,1.0,FOSB,,0.004922149419689397,E2F6,2.6633432,1.0
CUX1,-0.708243,1.0,HNF1A,,1.0,GFI1,-1.3924003,1.0,GLI3,,0.00434112236942665,E2F4,-0.4031104,1.0
SOX13,1.0844833,1.0,GTF2B,-0.056190047,1.0,RARG,-1.8550867,1.0,MAZ,,0.004291677623431615,ATF4,,1.0
MAF,,1.0,DDIT3,,1.0,TP53,-2.058956,1.0,TFCP2,,0.004242770650950918,GFI1B,,1.0
BRF2,-0.08058621,1.0,NFKB2,-0.27955127,1.0,KLF2,-0.7228849,1.0,NR2F1,0.7635323,0.004099221171118237,ATF3,1.5831677,1.0
MAX,-0.049274035,1.0,NRF1,-0.14605568,1.0,BHLHE40,-3.090369,1.0,RARB,,0.003216685562897856,ZNF589,,1.0
KLF6,0.838696,1.0,SREBF1,0.021350179,1.0,DUX4,1.810313,1.0,NFE2,1.3403777,0.0031065127676686575,ELK1,-1.3557374,1.0
ZEB1,-0.71850497,1.0,ATF1,0.16410416,1.0,PDX1,0.38012552,1.0,ATF3,2.581444,0.002930861661375159,PAX8,0.38290983,1.0
CEBPB,,1.0,ZBTB7A,-0.28123182,1.0,GLYR1,0.6575667,1.0,ARID2,,0.002830071417369998,GLI2,,1.0
ZNF83,-0.35232362,1.0,GFI1B,-0.24591112,1.0,MAF,,1.0,MBD1,,0.002577241167054205,NR1H3,,1.0
CREB3L1,-0.4500831,1.0,SPIB,0.03166471,1.0,CDX1,-0.29915974,1.0,IRF8,4.4861717,0.002459072916965755,ZNF274,0.29970658,1.0
HINFP,0.9133103,1.0,EPAS1,-0.21654494,1.0,BHLHE22,0.3919271,1.0,TP73,0.76889294,0.0021858984221801193,CDX2,1.780233,1.0
RUNX2,0.98762935,1.0,NFYA,-0.5510449,1.0,EBF1,0.59961396,1.0,FOXO1,0.84362346,0.0019189935883252142,FOXM1,-2.4121535,1.0
FOXM1,-0.4178331,1.0,KLF13,-0.07075983,1.0,ONECUT1,1.0944338,1.0,ZNF143,0.8114572,0.0015115957638793566,STAT6,-3.526176,1.0
ZKSCAN1,-0.4932731,1.0,NR4A1,0.25157982,1.0,FOXP3,-4.567865,1.0,HHEX,2.422461,0.0013084354460558454,REL,,1.0
FOXD3,-1.5684967,1.0,DEAF1,-0.43695173,1.0,TCF3,1.2031887,1.0,FOXP1,-2.8359153,0.0012927416211566064,MBD2,0.62877876,1.0
KLF1,-0.56615126,1.0,MYOD1,-0.00989128,1.0,RARB,-2.6900628,1.0,TWIST2,,0.0009659512038989529,CREB1,-5.348612,1.0
FOXJ2,,1.0,SOX2,0.026803004,1.0,FOXP1,-1.1532938,1.0,CLOCK,0.51101035,0.0009311719788914327,REST,,1.0
NR3C1,4.0526314,1.0,MAFG,0.08621113,1.0,RELB,4.3917065,1.0,ETS2,,0.0009311719788914327,PAX2,,1.0
PAX5,-2.150841,1.0,KLF4,-0.8217698,1.0,ZBTB11,5.7029953,1.0,GRHL2,1.0824481,0.0008036995111937624,ZNF750,0.5920126,1.0
HMGN3,-0.36827376,1.0,MSX2,3.0169108,1.0,CREB5,,1.0,MEIS2,0.4201852,0.0006514385733757618,DUX4,1.4541438,1.0
ZNF592,-0.56670237,1.0,BACH2,-0.7356697,1.0,SOX9,-1.3281753,1.0,ESRRA,0.7303554,0.0006354655721041435,RUNX2,1.3920513,1.0
EPAS1,-1.1831591,1.0,MAFB,0.17080404,1.0,IRF2,-2.5342784,1.0,TAL1,0.40970898,0.0005897730991578035,HNF4G,0.8100387,1.0
HNF1B,0.984775,1.0,FOXO4,,1.0,NR5A2,0.46738136,1.0,HNF1A,1.8367603,0.0005337392387542607,NR3C1,2.1222477,1.0
MYCN,,1.0,GATA3,0.036007933,1.0,JUN,-2.9552252,0.8912149980614626,BMAL1,1.1752518,0.0005271059115760944,HIF1A,-3.6224544,1.0
FOSL2,1.8111249,1.0,ZNF589,-1.4121782,1.0,PRDM14,0.5081052,0.8797411244098292,ATF1,,0.0004951108399515853,KLF3,1.2291265,1.0
KLF10,3.8972454,1.0,MYC,-0.42869923,1.0,PIN1,-0.38885063,0.8516453832368237,PPARG,,0.0004708678035056994,LHX2,,1.0
ELF1,-1.9966692,1.0,NFYB,-0.61352473,1.0,GATA1,0.38370526,0.7621529929645171,ASCL1,0.51225364,0.0003658086046664811,GATA3,0.25283855,1.0
NFATC1,-0.59012556,1.0,NCOA2,0.1917415,1.0,IRF1,,0.6723916530596943,SETDB1,0.42312753,0.00036119704297015326,HOXA1,2.4609618,1.0
HOXA9,0.80992186,1.0,MEIS2,0.13524471,1.0,SIX2,0.7608577,0.5614667100392983,MEIS1,0.4775615,0.00031805549971138715,SOX13,1.3796493,1.0
BHLHE22,0.28892568,1.0,POU2F2,0.41849893,1.0,TFAP4,0.78299737,0.44577157867022316,FOXM1,,0.00029459981959932535,MAFB,0.4695757,1.0
WT1,-0.9017059,1.0,FOXK1,-0.7694345,1.0,BATF,1.0195891,0.37521286632629564,ZNF384,,0.0002461698327191521,OTX2,0.8407028,1.0
KLF13,-0.772056,1.0,MBD2,0.28406274,1.0,NR1H3,,0.3451521353945987,RARG,,0.00023683956487515712,FOXA2,0.71555007,1.0
PPARD,-4.5728927,1.0,SP2,-0.9823523,1.0,SOX11,0.5217918,0.3129064569553889,KDM5B,,0.00019007232298178084,IKZF1,1.5275664,1.0
MBD4,,1.0,E2F2,0.26739612,1.0,HMBOX1,0.8134835,0.1788452708258159,YY1,,0.00019007232298178084,SOX11,0.6240124,1.0
GRHL2,0.6491564,1.0,GLYR1,0.24303843,1.0,NR2F6,0.7666003,0.16620410356382967,ZNF92,0.67323744,0.00018280205559611083,MYBL1,1.8918734,1.0
ELK4,-0.4696484,1.0,MYNN,-1.1042985,1.0,HNF1A,-0.23522021,0.15213584559993032,TFAP4,1.2141259,0.00016905759299309003,GATA4,0.9790242,1.0
PRDM1,,1.0,POU4F2,0.8043683,1.0,IRF9,,0.13211512915949702,CBX2,1.1158639,0.0001542805798147383,PDX1,0.5257261,1.0
SRF,-1.0625435,1.0,PDX1,0.19633922,1.0,ETS2,,0.12538135799655625,TCF7L2,1.498392,0.0001502927788556447,NFIC,,1.0
MAZ,-2.2481756,1.0,NFE2L1,0.39062464,1.0,ZHX2,-1.6430192,0.1128658292153634,KLF4,,0.00014833635629677672,ETS2,,1.0
HIVEP2,,1.0,NR2C2,-0.8713332,1.0,PAX3,,0.10951083535414802,KLF9,,8.73928883518311e-05,FOXA1,0.20873083,1.0
RELA,,1.0,NFIA,0.6479174,1.0,MAFB,0.5969665,0.10386328080226258,HSF1,,7.24542604108524e-05,ONECUT1,1.1487718,1.0
ETV1,,1.0,MEF2B,0.72511286,1.0,TGIF2,-1.1665225,0.09999763776515866,HNF4G,1.2337326,6.164138464805172e-05,SOX2,0.3774535,1.0
LHX2,,1.0,DNMT1,-0.3751108,1.0,TFAP2C,0.22178552,0.09056854701444478,NR1H4,,5.311263182190239e-05,TCF4,,1.0
SMAD3,-2.3761506,1.0,TP73,0.13377531,1.0,FOXK2,4.2619514,0.08518749502805632,GTF2B,0.67642254,3.9888270162746654e-05,MAFK,0.7053307,1.0
JUNB,-2.0755794,1.0,EBF1,0.4068368,1.0,NFYA,-3.678693,0.07415718882517736,GATA1,0.5923452,3.9888270162746654e-05,SETDB1,0.33725148,1.0
BCL11A,-0.9359494,1.0,ELF5,-0.876262,1.0,PAX5,,0.07301806160602384,MAFF,1.6800634,3.029257648541893e-05,SOX10,,1.0
RFX5,-1.7696102,1.0,CTCFL,,1.0,HSF1,,0.06915924117921331,HOXA1,4.788722,2.2318298364238032e-05,NR2F1,0.6416163,1.0
RFX1,,1.0,HOXB7,5.1431994,1.0,SOX6,,0.06756484548981055,FOSL1,0.97201705,1.8347136754707895e-05,ZNF217,2.9439888,1.0
NR1H3,-4.489377,1.0,TFCP2,5.371443,1.0,TCF7,,0.052576155959560285,KLF6,2.855443,1.7590047254031714e-05,STAT1,,1.0
FOXP2,,1.0,ATF5,3.2926204,1.0,MEF2B,2.9354966,0.037918671069615766,FOXL2,,1.662755622357639e-05,NFE2L1,0.8595645,1.0
GATA6,1.3271466,1.0,NR5A2,0.23134023,1.0,E2F2,0.7505581,0.02808531969473185,SOX11,0.8811728,1.326333647311682e-05,MYBL2,2.756097,1.0
NR2C2,-1.2327027,0.7794125255320953,TCF3,0.81290334,1.0,KLF8,0.7354287,0.025243934651528764,NCOA3,0.7716576,1.2354769046771519e-05,NR5A2,0.61804163,1.0
STAT5B,,0.6695748135751248,ZNF143,0.37713102,1.0,ARID3A,,0.024425871923592038,ZNF175,,1.2354769046771519e-05,TFCP2,,1.0
NR2F2,,0.5506573684385474,E2F1,0.3452614,1.0,DDIT3,,0.01651353198723564,FOXP2,,1.167166170570956e-05,FOXL2,,1.0
NR1H2,-0.81420344,0.5506573684385474,SNAPC4,2.1874533,1.0,SOX4,-0.010348817,0.016101602011647995,PRDM1,,1.1183521449593302e-05,MBD3,5.1302795,1.0
ETS1,-0.9306974,0.4222655437304482,TERF2,0.28825146,1.0,BCL6,,0.015050240240331044,AR,,9.97665615862387e-06,POU4F2,1.7319008,1.0
NFKB1,,0.18908935591234266,ZBTB16,-0.29014084,1.0,CTCF,0.5269651,0.013028319764242083,SNAI1,-3.215644,8.769819490297114e-06,FOXP3,1.1191407,1.0
STAT6,-0.2288839,0.14667132646854525,ZNF263,1.2690985,1.0,GTF2B,0.5323968,0.012591550823930951,MAFG,0.7200829,8.280103281845472e-06,RXRA,,1.0
ZNF584,1.7127951,0.11790398058500998,ZBTB11,3.0319154,1.0,TERF1,0.4695205,0.010517514493542053,E2F1,0.9446235,7.4862305544601245e-06,NFE2L2,,1.0
KLF5,-1.2298505,0.08082460647510417,HOXA1,,1.0,MEF2C,,0.008770909409667463,SMAD4,,7.169089289216053e-06,SIX2,0.749259,1.0
NR1I2,-2.127103,0.07243976143078015,E2F5,-2.0732799,1.0,TBX21,0.9801003,0.007969885366595637,BACH1,,6.478983806042693e-06,ZNF318,-1.5400522,1.0
RXRA,-2.3515775,0.03368746771443279,NCOA1,0.3155102,1.0,ATF1,,0.0076292632124336,TP63,0.89985704,4.915225531519439e-06,HNF1A,0.9790838,1.0
SP3,,0.0320338793270466,ZNF639,-1.897969,1.0,STAT4,,0.007431590609538891,ZNF750,0.9373453,4.372679709966258e-06,HSF1,,1.0
ZNF318,-1.0750954,0.026155536350143352,THAP1,0.7185204,1.0,FOS,1.0793586,0.006807307519276796,NFE2L2,,3.831780187871796e-06,ESRRA,0.58836144,1.0
ZC3H8,,0.021944093455112227,TAL1,0.19794263,1.0,FLI1,1.0436726,0.0064003830669271435,PPARA,2.0472205,3.2585129616966085e-06,FOSL2,1.6700548,1.0
ESR2,-1.492002,0.015955566641446314,GABPA,4.149608,1.0,PAX2,,0.005859065167906837,CEBPG,0.8125463,3.2585129616966085e-06,HHEX,1.8154031,1.0
ZNF207,-1.538887,0.012448792863565341,ZNF766,0.43706012,1.0,HMGA1,-5.9983068,0.005807400619399772,NFIC,,2.7689745676487347e-06,GATA2,0.4345868,1.0
TCF4,-9.486514,0.012261710242305664,ZNF382,1.512331,1.0,NR5A1,-4.755711,0.005705371311408101,CTCF,0.7257988,2.2151055802345647e-06,KLF9,,1.0
CEBPD,-1.2942371,0.0106127422103496,NFE2,0.95574945,1.0,HBP1,-2.4328153,0.0042879458946901705,MAFB,0.8289315,1.9654337994172088e-06,STAT3,,1.0
STAT5A,-1.3507081,0.010293548437177048,TFDP1,-1.0552521,1.0,KLF3,2.023019,0.00395430190342111,NME2,0.9986469,1.7963687481502929e-06,SPDEF,1.1259773,1.0
STAT3,-5.534332,0.008561885144516815,KLF10,-1.2964158,1.0,GLI3,,0.002825417203911938,PAX8,0.5771716,1.6916118248527959e-06,NR1H4,-0.07009928,1.0
ZNF589,,0.008301692449461936,CLOCK,0.24883473,1.0,PCGF2,0.685999,0.002723761154555777,NR3C1,9.093009,1.6414871001538213e-06,MEF2D,,1.0
JUND,,0.004651548023633466,NR5A1,,1.0,FOXO4,1.0406085,0.0026742539079571367,HMBOX1,1.208752,1.5928088843700292e-06,TP53,,1.0
ELF3,,0.0041282521712835306,GATA1,0.43854195,1.0,MEIS2,0.34020206,0.0024619243155141217,SOX13,2.3633454,1.3089599351293617e-06,FOSL1,0.8202771,1.0
PROX1,,0.0038417739761831466,MEIS1,0.36746722,1.0,REL,-1.6203228,0.0020846339885310376,ATF4,,1.2508141664662716e-06,KLF4,,1.0
TBP,-1.7334914,0.0027379495401755522,ASCL1,0.3942212,1.0,GATA3,0.25570503,0.0013942606741049258,JUN,,8.039123533375565e-07,TEAD1,1.1723237,1.0
ATF2,-1.7754133,0.001672725647132646,RFX2,0.50546986,1.0,E2F1,0.8284027,0.0012329586589817417,PDX1,0.756615,6.285425970442641e-07,RFX2,0.5936087,1.0
ZFX,-1.1678232,0.0016588978431885388,RUNX3,0.40893665,1.0,IRF8,0.55494046,0.0009716346584393376,NR2F6,1.1778364,5.908951701728879e-07,MAFG,0.48959276,1.0
SP1,-2.0864646,0.0009775966382484156,IRF8,,1.0,SPDEF,0.68057203,0.000944109006895357,FOSL2,2.6173446,4.610947035783597e-07,KLF2,1.3908823,1.0
ZNF165,-3.4725115,0.0007832862063268332,CEBPZ,,0.9839887402042437,RARA,,0.0008576595919750252,SOX10,,4.0077428263762033e-07,TEAD4,1.0069464,1.0
SP4,-1.547054,0.00046620087308541,IRF3,,0.8474928231670474,FOXO3,,0.0005434254333407324,HOXB13,0.67460227,2.0371396139054443e-07,PRDM1,3.8337612,1.0
SMAD1,-1.6934482,0.0004423726105510861,PITX1,1.5274433,0.7887915681877973,EGR2,,0.0004043794542604316,DUX4,2.7813816,1.91176435197862e-07,CEBPG,0.6537312,1.0
IRF1,,0.00015432377373811258,NR2F1,0.5903292,0.5937294293642643,MSX2,1.0712183,0.0003848190428706204,EOMES,0.84911954,1.3243111900063897e-07,HMGA1,,1.0
ELF5,-2.7510736,0.00014745656386447106,TERF1,0.4604193,0.5353061662486291,SOX2,0.4570947,0.00035188168123511797,XBP1,0.68558097,1.0746066079989442e-07,NR1H2,-2.2237601,1.0
DNMT1,-1.3502116,9.578323486904354e-05,ETS1,-1.5003338,0.4858457346304718,CXXC4,-1.706696,0.0003415186293566157,CEBPA,,4.2471733587470946e-08,PIN1,1.3782426,1.0
CREB3,,6.0100736004382695e-05,HSF1,,0.31976833531644716,MTF1,,0.0001633227708178996,LHX2,,3.784395532118605e-08,CTCF,0.6037031,1.0
PBX3,-2.7004557,5.734088037083651e-05,ZNF197,1.2353574,0.29136643823334507,MEF2A,,0.00015837889292671145,OTX2,1.1780734,3.427261622011638e-08,MITF,,1.0
ZZZ3,,1.2625968983577638e-05,BMAL1,0.8110278,0.23027975145106816,RELA,,9.844391428822475e-05,HNF4A,0.7168565,1.6735270064872666e-08,SNAI1,-5.1544642,1.0
ZNF217,,3.1780500552874693e-06,SETDB1,0.3901418,0.07228824774005141,RFX5,,8.96160592951014e-05,POU4F2,3.1285315,1.4142649706361104e-08,WT1,,1.0
ZHX1,-3.4410563,1.2861356055751133e-06,CREB5,0.8592453,0.03539750393533276,MITF,,8.328365715549549e-05,SMAD3,,1.1162002567498908e-08,ZHX2,,1.0
ETV4,-2.4628818,1.0749547384512132e-06,GLI3,2.868931,0.03237982347444421,TERF2,0.6782609,7.498196382663078e-05,CEBPB,,6.144600271703352e-09,JUN,,1.0
ZBTB16,-2.5405948,1.0336136018845673e-07,CREM,2.1638255,0.032091802024417006,NFYB,-3.6335995,3.3350060181205204e-05,SIX2,1.1814272,5.8360762390088595e-09,NCOA3,0.6039439,1.0
ELK1,-2.2328055,7.802994584224268e-08,CEBPE,-4.643923,0.02176311473653245,RUNX1,0.35115424,1.7326755584788303e-05,FOS,1.4775732,2.677080675882149e-09,FOSB,,1.0
USF2,-2.8104503,1.5082753053055097e-08,KLF8,0.4970098,0.015916028904053615,ATF6,,1.3432621373405315e-05,MAFK,1.0080646,2.368800890428791e-09,FOS,1.001307,1.0
E2F7,-2.4943087,6.217847539667653e-09,EHF,1.1487315,0.015053025190777367,PPARG,,1.1884562608450662e-05,PGR,1.497294,6.15561075592532e-10,SRF,-3.9829488,1.0
ETV6,-6.0983086,4.584792582703635e-10,E2F4,-1.645288,0.006215529930784455,ZNF740,,1.0510168883120153e-05,TEAD1,1.8038528,5.626376253594186e-10,MYOD1,0.75542414,1.0
FOXF2,-0.9533816,5.062904594212193e-11,PAX3,,0.003373638784947169,ATF5,,8.02561110526631e-06,TEAD4,1.4621255,3.713445355066372e-10,BRF2,-3.0156112,1.0
PITX1,0.66611755,3.8963638455448366e-11,GLI2,,0.0004919714267971232,NFKB2,2.2717347,7.75838004795541e-06,FOXA2,1.2369212,2.985860013991888e-10,NME2,0.89934397,1.0
HSF2,-0.23325343,5.6316825617894995e-12,PKNOX1,0.8863955,0.0002385204436759132,FOXL2,,6.928547265953195e-06,NANOG,2.291156,2.7258052555673336e-10,MSX2,,1.0
ZNF382,0.9450266,4.59402644072643e-12,LYL1,0.7900424,0.00022813783005853122,HNF4A,0.6544478,3.7805320561582066e-06,EGR1,,2.0719137518070077e-10,STAT4,,1.0
USF1,-3.9594626,9.831936187261005e-13,THAP11,,0.0001705306881054112,SOX10,,3.527623367536569e-06,ONECUT1,1.9090792,1.515797817112741e-10,TP63,0.68598455,1.0
HIF1A,-3.9429898,4.063555337109754e-13,SREBF2,1.290294,8.035766269639044e-05,FOSB,,2.268182529666543e-06,MYOD1,1.0702051,1.3822102971349623e-10,CXXC4,-2.873921,1.0
MYB,,2.619422996526628e-13,ZNF274,0.7019635,6.012099113846031e-05,TAL1,0.47321022,1.5029437821548065e-06,SOX2,0.599901,9.024178750214912e-11,TWIST2,,1.0
MYC,-3.302243,5.545072828578848e-15,SPDEF,1.0157149,4.4329038245521965e-05,NFYC,,1.467807882168818e-06,RUNX2,2.8158143,6.821625301433734e-11,XBP1,0.49221364,1.0
TEAD2,-3.763765,2.3833038922269677e-15,GFI1,0.10859954,3.1739355495389013e-06,GATA2,0.48173243,1.3510167587225154e-06,MYBL2,,6.096942512566892e-11,MTF1,,1.0
STAT2,,1.3781151323553583e-15,PAX2,,1.9741775456051253e-06,NFAT5,,7.34362649490631e-07,GATA3,0.3883793,5.149542221020673e-11,FOXO4,2.1896622,1.0
ZBTB2,-0.45270342,3.900869309342151e-16,STAT4,,7.496983995590726e-07,MYBL1,,3.7640701365123634e-07,POU5F1,1.3663833,4.514134432011068e-11,SMAD3,,1.0
VDR,-2.7452152,1.1346621332949063e-16,SOX4,0.1469442,2.0017878987880305e-07,STAT1,,1.8606217877226516e-07,GATA2,0.6088949,3.88194951691692e-11,EOMES,0.80852723,1.0
ZBTB33,-2.699823,4.528888441382685e-17,HMGA1,-5.477217,3.43780640170005e-08,NR1H4,,3.01085071011436e-08,TWIST1,,3.4657282459962744e-11,PRDM14,0.88134164,0.9260142338079165
YBX1,,6.663429360812061e-20,E2F3,0.81550455,9.074306443108245e-09,CEBPA,,1.1233596641157124e-08,AHR,,2.9783204729123625e-11,ESR1,1.0535996,0.9260142338079165
PAX6,-3.573241,4.434007891564309e-22,HES1,1.2361045,4.595223961025709e-09,FOXA1,0.32712334,9.448641163186713e-09,TFAP2C,0.47156513,2.3261896102485883e-11,SMAD4,,0.6094765059247649
SIX5,-3.3545208,4.622000872166222e-25,PIN1,1.724915,1.8645484335351536e-09,NFKB1,,3.3465436192175834e-09,TFAP2A,,2.196916387658745e-11,HNF4A,0.5925091,0.547718508388064
HOXA10,-1.0372939,8.213246650906793e-26,CDX1,0.8154837,8.812287107217757e-12,KMT2A,2.516424,1.447490703274997e-09,FOXA1,0.34016073,5.696362951907622e-12,EGR1,2.784721,0.4743267175412684
ZBED1,-4.9948683,6.720562096508355e-28,KLF2,0.48628336,4.65578019362262e-12,MEF2D,,5.673159890751797e-10,MITF,,1.5832557369690375e-12,NFYC,,0.45745453710944095
SMAD5,-6.8594675,2.052875355508307e-31,NFAT5,,4.6099257400129735e-14,SPI1,,5.87438095178232e-14,PRDM14,1.3476367,1.1792158278763975e-13,AHR,,0.36732256140201525
HIC1,-2.6535387,1.0842392190343307e-31,FOXP3,1.3419499,6.019458203807938e-16,HIVEP2,-7.568532,3.4335640200759733e-18,ESR1,1.8033762,5.695708092917231e-14,ZNF92,0.67880386,0.32870313369700566
