,cluster_py,gene,scores,logfoldchanges,pvals,pvals_adj,Unnamed: 0,p_val,avg_log2FC,pct.1,pct.2,p_val_adj,cluster_r
0,Neural,HMGA1,12.651964,9.731596,1.0911224990394889e-36,3.917129771551765e-34,HMGA1,1.10321334849588e-36,7.97179470849508,0.842,0.136,3.9605359211002e-34,Neural
1,Neural,GFI1,8.990742,0.15918322,2.4556832981567187e-19,8.815903040382621e-17,GFI1,0.0065092189021903,3.22193552068779,0.125,0.079,1.0,Fibroblast
2,Neural,GFI1,8.990742,0.15918322,2.4556832981567187e-19,8.815903040382621e-17,GFI11,0.0004644134116312,0.396091765060761,0.059,0.095,0.166724414775625,Megakaryocyte
3,Neural,MYBL1,8.035942,0.6419919,9.286294298754909e-16,3.333779653253013e-13,MYBL1,9.35227199772123e-16,7.96972556625566,0.069,0.195,3.35746564718192e-13,Neural
4,Neural,MEF2D,7.6922135,1.7190094,1.4461077133325464e-14,5.191526690863842e-12,MEF2D,1.45595405671935e-14,0.759048639332143,0.208,0.266,5.2268750636224595e-12,Neural
5,Neural,ATF1,7.428342,4.8874946,1.099674862537744e-13,3.9478327565105004e-11,ATF1,1.10691286632286e-13,1.9911548630476,0.911,0.455,3.97381719009906e-11,Neural
6,Neural,ZNF740,7.133222,4.9632473,9.804629662114121e-13,3.519862048698969e-10,ZNF740,9.86667844775745e-13,3.00358142526412,0.772,0.494,3.54213756274493e-10,Neural
7,Neural,FOXL2,7.015174,1.4523941,2.296630648280224e-12,8.244904027326004e-10,FOXL2,2.31093236002881e-12,1.56029623337773,0.218,0.299,8.29624717250343e-10,Neural
8,Neural,FOXL2,7.015174,1.4523941,2.296630648280224e-12,8.244904027326004e-10,FOXL21,0.0025624734521129,1.06866064735968,0.694,0.165,0.919927969308547,MSC
9,Neural,FOXO4,6.468334,0.7817032,9.90892261231434e-11,3.557303217820848e-08,FOXO4,9.965989055650279e-11,0.0539405884443547,0.04,0.24,3.57779007097845e-08,Neural
10,Neural,NFYC,6.211406,1.6317778,5.251254292897112e-10,1.8852002911500642e-07,NFYC,5.28034472231982e-10,2.54266311235588,0.248,0.357,1.89564375531281e-07,Neural
11,Neural,FOXK1,5.2305665,2.560358,1.6899140672538596e-07,6.066791501441356e-05,FOXK1,1.69786745911239e-07,2.52599087206641,0.743,0.597,6.09534417821346e-05,Neural
12,Neural,KLF4,4.4788785,3.244023,7.503616180462506e-06,0.002693798208786,KLF4,7.53418322824135e-06,0.648167913839962,0.723,0.481,0.0027047717789386,Neural
13,Neural,ATF6,4.386871,0.42245367,1.1499309669313456e-05,0.0041282521712835,ATF6,1.15452262379415e-05,2.85539906910001,0.178,0.383,0.0041447362194209,Neural
14,Neural,NFYB,4.3729825,2.1465948,1.2256043211176835e-05,0.0043999195128124,NFYB,1.23048839506449e-05,2.74776278236388,0.851,0.721,0.0044174533382815,Neural
15,Neural,RARA,4.305279,2.4661195,1.667756128433025e-05,0.0059872445010745,RARA,1.67430784256435e-05,1.27597376577846,0.743,0.506,0.006010765154806,Neural
16,Neural,TFDP1,4.1386228,1.3520724,3.4939687120712323e-05,0.0125433476763357,TFDP1,3.5072090432074e-05,1.44171918516855,0.921,0.792,0.0125908804651146,Neural
17,Neural,CXXC4,3.671639,1.0039966,0.0002410000190967,0.0865190068557178,CXXC4,0.0002418200015624,0.714626854577336,0.95,0.877,0.0868133805609252,Neural
18,Neural,CXXC4,3.671639,1.0039966,0.0002410000190967,0.0865190068557178,CXXC41,0.0008470201276178,0.835707546960456,0.98,0.888,0.304080225814798,MSC
19,Neural,ETS2,3.6299748,1.4068928,0.0002834487463665,0.1017580999455798,ETS2,0.0002844034223896,0.153183172476784,0.406,0.325,0.102100828637873,Neural
20,Neural,ETS2,3.6299748,1.4068928,0.0002834487463665,0.1017580999455798,ETS21,2.19382908885218e-05,2.39731021005607,0.653,0.286,0.0078758464289793,MSC
21,Neural,MYNN,3.376519,2.001104,0.0007340929994789,0.2635393868129304,MYNN,0.0007364126705782,1.87114737387188,0.752,0.558,0.264372148737607,Neural
22,Neural,SOX9,3.364367,1.0656699,0.0007671944831041,0.2754228194344006,SOX9,0.000769611122131,0.223102735663707,0.851,0.747,0.276290392845041,Neural
23,Neural,ZNF384,3.326175,1.679043,0.0008804662392766,0.3160873799003091,ZNF384,0.0008832121799782,1.05475988327678,0.782,0.591,0.317073172612207,Neural
24,Neural,ZNF384,3.326175,1.679043,0.0008804662392766,0.3160873799003091,ZNF3841,0.0040577416839251,0.634394028138703,0.837,0.626,1.0,MSC
25,Neural,ZNF639,3.1994472,1.6832628,0.0013769147316184,0.494312388651021,ZNF639,0.0013810665984939,1.87050575721658,0.762,0.636,0.495802908859325,Neural
26,Neural,NFE2L2,3.135215,1.2891254,0.0017172815616726,0.6165040806404949,NFE2L2,0.001722370016135,0.633676642393114,0.802,0.61,0.618330835792464,Neural
27,Neural,TFAP2A,3.0432072,2.15343,0.002340711787001,0.8403155315333839,TFAP2A,1.74548938645831e-09,2.63975308617667,0.796,0.456,6.26630689738534e-07,MSC
28,Neural,PPARG,2.963351,4.213686,0.0030430922174163,1.0,PPARG,2.02562501213598e-12,4.32629764618511,0.878,0.388,7.27199379356817e-10,MSC
29,Neural,CEBPZ,2.9494631,3.900704,0.0031832655062325,1.0,CEBPZ,0.0031922187320851,2.48232189847305,0.574,0.545,1.0,Neural
30,Neural,SPI1,2.8643992,1.8883456,0.0041780116224643,1.0,SPI1,0.0004348646447127,0.441814486564428,0.824,0.566,0.156116407451886,Megakaryocyte
31,Neural,SPI1,2.8643992,1.8883456,0.0041780116224643,1.0,SPI11,0.0003265734778206,4.15984391905718,0.857,0.593,0.117239878537613,Myeloid
32,Neural,ATF4,2.7671833,1.3075306,0.0056542973249501,1.0,ATF4,2.41264276707734e-07,3.76452406958768,0.857,0.534,8.66138753380765e-05,MSC
33,Neural,RARB,2.7532952,1.2982988,0.0058998672650103,1.0,RARB,0.005915529899525,2.05736313254004,0.416,0.513,1.0,Neural
34,Neural,RARB,2.7532952,1.2982988,0.0058998672650103,1.0,RARB1,0.0012627408179111,1.2955123977274,1.0,0.46,0.45332395363009,Myeloid
35,Neural,IRF2,2.7394073,1.4825916,0.0061550089281584,1.0,IRF2,0.0061712803969442,1.39011270246178,0.743,0.63,1.0,Neural
36,Neural,GFI1B,2.6317751,2.324051,0.0084940038031103,1.0,GFI1B,0.0085157278963137,1.64809528139999,0.663,0.552,1.0,Neural
37,Neural,YY1,2.3817914,1.4268725,0.017228658471033,1.0,YY1,0.0002457367280506,0.352483119552354,0.796,0.621,0.088219485370166,MSC
38,Neural,FOXP1,2.3383913,0.556604,0.0193669580183587,1.0,FOXP1,3.58252738059917e-06,1.64656867545454,0.939,0.811,0.0012861273296351,MSC
39,Neural,BACH1,2.1179194,0.78375727,0.0341818962727155,1.0,BACH1,0.003868103922304,1.06534437473479,0.796,0.762,1.0,MSC
40,Neural,HBP1,2.0814633,0.6606607,0.037391511932625,1.0,HBP1,1.74548938645831e-09,2.01761164957477,0.98,0.738,6.26630689738534e-07,MSC
41,Neural,RARG,1.8280075,0.13046797,0.0675484317310837,1.0,RARG,0.0003486859151944,1.59902242434008,0.776,0.427,0.125178243554807,MSC
42,Neural,RARG,1.8280075,0.13046797,0.0675484317310837,1.0,RARG1,0.0004567497088842,2.95965925027099,1.0,0.48,0.163973145489441,Myeloid
43,Neural,STAT1,1.6457275,0.9358163,0.0998198713465043,1.0,STAT1,1.4369185741883802e-20,6.07282859842175,0.939,0.359,5.15853768133629e-18,MSC
44,Neural,MEF2A,1.2377676,0.8602024,0.2158022320589037,1.0,MEF2A,1.71587682650474e-08,2.0982394442712,0.837,0.471,6.15999780715201e-06,MSC
45,Neural,JUN,0.8836237,0.18976584,0.3768993593164582,1.0,JUN,4.10965852147338e-17,3.50687909944578,0.959,0.553,1.4753674092089402e-14,MSC
46,Neural,TP53,0.85411173,0.27988353,0.3930430748177288,1.0,TP53,3.83447656038682e-11,2.28604024251208,0.918,0.631,1.37657708517887e-08,MSC
47,Neural,CREB1,0.82286376,0.113382116,0.4105854745025743,1.0,CREB1,0.0042269626559323,0.793301699459845,0.816,0.665,1.0,MSC
48,Neural,REST,0.7013438,0.7723721,0.4830884895764253,1.0,REST,0.0006044336029089,0.678946349924674,0.735,0.549,0.216991663444299,MSC
49,Neural,MEF2C,0.46871987,0.38887513,0.639269887873577,1.0,MEF2C,1.1436753269542e-07,3.40794458458954,0.816,0.495,4.10579442376557e-05,MSC
50,Neural,ARID2,0.18748794,0.1734282,0.8512780747283654,1.0,ARID2,2.03121878177615e-05,1.43090238079723,0.898,0.636,0.0072920754265763,MSC
51,Neural,BCL6,-0.18748794,1.7783074,0.8512780747283654,1.0,BCL6,0.0065043154233565,1.7850971234278,0.706,0.412,1.0,Megakaryocyte
52,Neural,BCL6,-0.18748794,1.7783074,0.8512780747283654,1.0,BCL61,0.0091618810033657,2.94824085645685,0.714,0.444,1.0,Myeloid
53,Neural,TWIST1,-0.33678392,0.012308616,0.7362798100561196,1.0,TWIST1,9.73157986356041e-06,1.44304478896875,0.694,0.354,0.0034936371710181,MSC
54,Neural,ATF3,-0.6180158,0.27559748,0.5365649115962065,1.0,ATF3,6.05853541136942e-06,2.37559121191927,0.571,0.306,0.0021750142126816,MSC
55,Neural,KLF6,-0.8141838,0.838696,0.4155396872445468,1.0,KLF6,4.827899470595801e-10,8.15725101273576,0.816,0.306,1.73321590994389e-07,MSC
56,Neural,HINFP,-1.0398637,0.9133103,0.2984032320822444,1.0,HINFP,0.0065156542157269,2.48070462511641,0.551,0.364,1.0,MSC
57,Neural,RUNX2,-1.0415998,0.98762935,0.2975973108350331,1.0,RUNX2,5.00962385206336e-08,2.13327855025814,0.653,0.233,1.79845496289075e-05,MSC
58,Neural,RUNX2,-1.0415998,0.98762935,0.2975973108350331,1.0,RUNX21,0.0095497733522442,2.04604419903972,0.453,0.267,1.0,Fibroblast
59,Neural,NR3C1,-1.3558156,4.0526314,0.175157846183395,1.0,NR3C1,1.0066159318828801e-10,4.80099215251153,0.796,0.296,3.61375119545955e-08,MSC
60,Neural,FOSL2,-1.7655115,1.8111249,0.0774778424777398,1.0,FOSL2,1.8965341729292497e-11,2.88240782045899,0.755,0.214,6.80855768081602e-09,MSC
61,Neural,KLF10,-1.7724555,3.8972454,0.0763189794996476,1.0,KLF10,0.0006443658354792,3.8659762058424,0.094,0.021,0.231327334937061,Fibroblast
62,Neural,PITX1,-7.430078,0.66611755,1.0853381185361662e-13,3.8963638455448366e-11,PITX1,2.17086028031796e-06,4.6324027179298,0.912,0.724,0.0007793388406341,Megakaryocyte
63,Neural,ZNF382,-7.7078376,0.9450266,1.2796731032664147e-14,4.59402644072643e-12,ZNF382,8.50358737860348e-06,3.50051374075036,0.912,0.733,0.0030527878689186,Megakaryocyte
64,MSC,STAT3,8.92153,7.678421,4.598909316958678e-19,1.6510084447881654e-16,STAT3,4.64387559282942e-19,7.68783981468963,0.959,0.485,1.66715133782576e-16,MSC
65,MSC,HIVEP2,8.828867,7.8240223,1.0574176171697589e-18,3.796129245639433e-16,HIVEP2,1.06765127671954e-18,2.02815137947717,0.98,0.209,3.83286808342313e-16,MSC
66,MSC,HIVEP2,8.828867,7.8240223,1.0574176171697589e-18,3.796129245639433e-16,HIVEP21,1.61569204385382e-07,2.68268529595635,0.882,0.276,5.80033443743523e-05,Megakaryocyte
67,MSC,JUN,8.410805,5.0491166,4.0720775632682724e-17,1.4618758452133102e-14,JUN,4.10965852147338e-17,3.50687909944578,0.959,0.553,1.4753674092089402e-14,MSC
68,MSC,USF1,8.253492,3.4910762,1.538314554825954e-16,5.522549251825176e-14,USF1,1.55225193523725e-16,3.04751868524989,1.0,0.66,5.5725844475017305e-14,MSC
69,MSC,USF2,8.227633,3.5618572,1.9094897674180208e-16,6.855068265030694e-14,USF2,1.9267370984014499e-16,3.01055669125096,0.98,0.733,6.9169861832612e-14,MSC
70,MSC,USF2,8.227633,3.5618572,1.9094897674180208e-16,6.855068265030694e-14,USF21,0.0087593962577636,0.0666475267174325,0.941,0.756,1.0,Megakaryocyte
71,MSC,ZHX1,8.178069,3.98256,2.8842860339212037e-16,1.0354586861777121e-13,ZHX1,2.91018484905893e-16,3.51000178902371,0.98,0.646,1.04475636081215e-13,MSC
72,MSC,IRF1,8.175914,6.487551,2.9363128548931545e-16,1.0541363149066425e-13,IRF1,2.96267204903736e-16,3.8242459268064,0.939,0.485,1.0635992656044099e-13,MSC
73,MSC,NR1H2,8.09187,2.7007682,5.875529126309808e-16,2.109314956345221e-13,NR1H2,5.92774422688773e-16,2.56355580006971,1.0,0.956,2.1280601774527e-13,MSC
74,MSC,HIF1A,7.9905877,3.4167721,1.342971264537269e-15,4.821266839688797e-13,HIF1A,1.35476032890855e-15,1.92873219838874,1.0,0.684,4.8635895807817e-13,MSC
75,MSC,HIF1A,7.9905877,3.4167721,1.342971264537269e-15,4.821266839688797e-13,HIF1A1,0.0010271790692969,1.05606156239889,0.891,0.696,0.368757285877587,Fibroblast
76,MSC,SP1,7.923784,3.6907735,2.303899748204842e-15,8.271000096055383e-13,SP1,2.3239593105269904e-15,3.003829096733,0.98,0.782,8.34301392479188e-13,MSC
77,MSC,ETV4,7.811726,3.409012,5.6410094903452456e-15,2.0251224070339428e-12,ETV4,5.6894477169001e-15,2.55777839777932,0.98,0.777,2.04251173036713e-12,MSC
78,MSC,SMAD3,7.792331,5.489948,6.578394170248144e-15,2.361643507119084e-12,SMAD3,6.6347449626863e-15,5.52675875660809,0.959,0.549,2.38187344160438e-12,MSC
79,MSC,TCF4,7.747077,5.389946,9.403177820848051e-15,3.3757408376844496e-12,TCF4,9.48327039554482e-15,2.41301177858613,0.959,0.519,3.40449407200059e-12,MSC
80,MSC,HIC1,7.6824284,1.4231951,1.5610072851173273e-14,5.604016153571205e-12,HIC1,1.5741953525218302e-14,0.919288068601527,0.918,0.985,5.6513613155533795e-12,MSC
81,MSC,HIC1,7.6824284,1.4231951,1.5610072851173273e-14,5.604016153571205e-12,HIC11,0.0012347190312766,0.0256728039480412,1.0,0.968,0.443264132228307,Megakaryocyte
82,MSC,MBD4,6.984222,4.963383,2.8643928812198135e-12,1.028317044357913e-09,MBD4,2.8864567680816697e-12,1.39070348343704,0.857,0.267,1.0362379797413202e-09,MSC
83,MSC,SP4,6.958362,2.7637155,3.4425107147241094e-12,1.235861346585955e-09,SP4,3.4689328579488897e-12,2.89482910002522,1.0,0.966,1.24534689600365e-09,MSC
84,MSC,HSF2,6.9066434,1.9464349,4.96255796177811e-12,1.7815583082783411e-09,HSF2,1.57938089720092e-14,0.635865638685065,0.99,1.0,5.669977420951309e-12,Neural
85,MSC,HSF2,6.9066434,1.9464349,4.96255796177811e-12,1.7815583082783411e-09,HSF21,5.0003733729547494e-12,1.21303151411329,1.0,0.995,1.79513404089075e-09,MSC
86,MSC,ATF2,6.8463044,3.8719654,7.578213884434636e-12,2.720578784512034e-09,ATF2,7.63547390687076e-12,4.4509952103096,1.0,0.985,2.7411351325666e-09,MSC
87,MSC,E2F7,6.755796,3.2589185,1.420530479489104e-11,5.099704421365883e-09,E2F7,1.43112694068748e-11,2.57568702816433,1.0,0.976,5.137745717068051e-09,MSC
88,MSC,E2F7,6.755796,3.2589185,1.420530479489104e-11,5.099704421365883e-09,E2F71,5.19481134610249e-05,0.567257126439393,1.0,0.974,0.0186493727325079,Fibroblast
89,MSC,AR,6.654513,4.916221,2.842395134043478e-11,1.0204198531216086e-08,AR,2.86329168446821e-11,4.18227832528037,0.878,0.524,1.02792171472409e-08,MSC
90,MSC,TP53,6.611414,3.2077549,3.8066654354162205e-11,1.3665928913144233e-08,TP53,3.83447656038682e-11,2.28604024251208,0.918,0.631,1.37657708517887e-08,MSC
91,MSC,CUX1,6.596329,3.4680977,4.214626140381849e-11,1.5130507843970837e-08,CUX1,4.24535018267873e-11,2.79311560893683,0.918,0.597,1.52408071558166e-08,MSC
92,MSC,ESR2,6.456257,3.1069705,1.0732440126795204e-10,3.8529460055194786e-08,ESR2,1.08090804222596e-10,2.3882745392213,1.0,0.757,3.8804598715912e-08,MSC
93,MSC,ZNF318,6.3140297,1.9953926,2.71861981726357e-10,9.759845143976217e-08,ZNF318,2.73762292970696e-10,2.07839851956381,1.0,0.927,9.828066317648e-08,MSC
94,MSC,HBP1,6.020955,2.4654071,1.7339080624822711e-09,6.224729944311353e-07,HBP1,1.74548938645831e-09,2.01761164957477,0.98,0.738,6.26630689738534e-07,MSC
95,MSC,TFAP2A,6.020955,7.2370925,1.7339080624822711e-09,6.224729944311353e-07,TFAP2A,1.74548938645831e-09,2.63975308617667,0.796,0.456,6.26630689738534e-07,MSC
96,MSC,RFX5,5.967081,3.3385015,2.4153526346608193e-09,8.671115958432342e-07,RFX5,2.4313477968256303e-09,2.0887494524994,0.898,0.587,8.72853859060402e-07,MSC
97,MSC,RFX5,5.967081,3.3385015,2.4153526346608193e-09,8.671115958432342e-07,RFX51,6.07164155685443e-05,1.49848365229995,0.882,0.611,0.0217971931891074,Megakaryocyte
98,MSC,NFIC,5.809769,3.0519364,6.255903494783443e-09,2.245869354627256e-06,NFIC,6.296291038288231e-09,2.5297654285229,0.898,0.592,2.26036848274548e-06,MSC
99,MSC,TEAD2,5.656767,2.2809339,1.5425085523858787e-08,5.537605703065305e-06,TEAD2,1.55221757636367e-08,1.92615878227077,0.959,0.694,5.57246109914557e-06,MSC
100,MSC,TEAD2,5.656767,2.2809339,1.5425085523858787e-08,5.537605703065305e-06,TEAD21,2.69019417783781e-07,1.20343267005555,1.0,0.706,9.65779709843775e-05,Megakaryocyte
101,MSC,MEF2A,5.6395273,3.7157595,1.7051749546675503e-08,6.121578087256506e-06,MEF2A,1.71587682650474e-08,2.0982394442712,0.837,0.471,6.15999780715201e-06,MSC
102,MSC,ELK1,5.525315,2.8316371,3.2889572490528064e-08,1.1807356524099576e-05,ELK1,3.30920292273102e-08,4.25902776113562,1.0,0.942,1.18800384926044e-05,MSC
103,MSC,HOXA10,5.445581,0.703578,5.1636522820809424e-08,1.8537511692670585e-05,HOXA10,5.19500409110209e-08,0.841186170819969,0.816,0.976,1.86500646870565e-05,MSC
104,MSC,HOXA10,5.445581,0.703578,5.1636522820809424e-08,1.8537511692670585e-05,HOXA101,0.0001347715945495,0.384715377398079,0.938,0.948,0.0483830024432796,Fibroblast
105,MSC,HOXA10,5.445581,0.703578,5.1636522820809424e-08,1.8537511692670585e-05,HOXA102,0.0001856647995255,1.22602673911397,0.971,0.941,0.0666536630296817,Megakaryocyte
106,MSC,MEF2C,5.303354,3.6852643,1.136942425943922e-07,4.08162330913868e-05,MEF2C,1.1436753269542e-07,3.40794458458954,0.816,0.495,4.10579442376557e-05,MSC
107,MSC,CEBPD,5.301199,2.126939,1.1504468037443144e-07,4.130104025442089e-05,CEBPD,1.15725706942558e-07,2.23534878325743,0.939,0.859,4.15455287923782e-05,MSC
108,MSC,ZBED1,5.2257752,3.0581684,1.7342685422927544e-07,6.226024066830987e-05,ZBED1,1.74439732761519e-07,2.51677334850819,1.0,1.0,6.26238640613852e-05,MSC
109,MSC,ZBED1,5.2257752,3.0581684,1.7342685422927544e-07,6.226024066830987e-05,ZBED11,1.23273050442351e-10,1.52642757946013,1.0,1.0,4.4255025108804e-08,Megakaryocyte
110,MSC,ATF4,5.1654363,4.1909847,2.3987850018160266e-07,8.611638156519536e-05,ATF4,2.41264276707734e-07,3.76452406958768,0.857,0.534,8.66138753380765e-05,MSC
111,MSC,RXRA,5.124492,2.6857436,2.9834062392776445e-07,0.00010710428399,RXRA,3.00051311056994e-07,1.86222383644772,0.898,0.602,0.0001077184206694,MSC
112,MSC,RXRA,5.124492,2.6857436,2.9834062392776445e-07,0.00010710428399,RXRA1,0.0013801489645377,0.385535970092272,0.828,0.602,0.495473478269033,Fibroblast
113,MSC,ELK4,5.0469136,3.1463294,4.490039733973625e-07,0.0001611924264496,ELK4,4.51542019663854e-07,0.725589949691585,0.959,0.786,0.0001621035850593,MSC
114,MSC,STAT6,4.982265,2.7833796,6.284430191678707e-07,0.0002256110438812,STAT6,0.000409898177394,3.72795779778535,0.356,0.864,0.147153445684453,Neural
115,MSC,TBP,4.671951,1.8616112,2.9835231880841554e-06,0.0010710848245222,TBP,2.99921751004196e-06,1.2236328939868,0.959,0.806,0.001076719086105,MSC
116,MSC,ZBTB2,4.6417813,0.035088636,3.454180991682009e-06,0.0012400509760138,ZBTB2,3.47224240304334e-06,0.861180911490691,0.735,0.903,0.0012465350226925,MSC
117,MSC,ZBTB2,4.6417813,0.035088636,3.454180991682009e-06,0.0012400509760138,ZBTB21,0.0001680610343753,7.75335766172634,0.875,0.869,0.060333911340766,Fibroblast
118,MSC,FOXP1,4.6353164,1.8822485,3.563916212146137e-06,0.0012794459201604,FOXP1,3.58252738059917e-06,1.64656867545454,0.939,0.811,0.0012861273296351,MSC
119,MSC,SRF,4.574978,2.3833833,4.762706458721699e-06,0.001709811618681,SRF,4.7872782379837e-06,1.34916819160908,0.959,0.859,0.0017186328874361,MSC
120,MSC,SRF,4.574978,2.3833833,4.762706458721699e-06,0.001709811618681,SRF1,6.40093895675923e-05,0.659463819930171,0.882,0.878,0.0229793708547656,Megakaryocyte
121,MSC,MAZ,4.521104,3.621408,6.1518024198126185e-06,0.0022084970687127,MAZ,6.18319559671964e-06,2.62973571899435,0.796,0.573,0.0022197672192223,MSC
122,MSC,PAX6,4.4349055,1.810477,9.211272749765914e-06,0.0033068469171659,PAX6,1.24419458883466e-08,3.87144841559872,1.0,0.974,4.46665857391643e-06,Fibroblast
123,MSC,FOXM1,4.294833,1.7616116,1.7482482878783528e-05,0.0062762113534832,FOXM1,1.75675859056462e-05,1.16865065466684,0.857,0.699,0.006306763340127,MSC
124,MSC,ARID2,4.262509,2.213653,2.0214463486024943e-05,0.0072569923914829,ARID2,2.03121878177615e-05,1.43090238079723,0.898,0.636,0.0072920754265763,MSC
125,MSC,ETS2,4.245269,4.717295,2.1833131527499544e-05,0.0078380942183723,ETS2,0.0002844034223896,0.153183172476784,0.406,0.325,0.102100828637873,Neural
126,MSC,ETS2,4.245269,4.717295,2.1833131527499544e-05,0.0078380942183723,ETS21,2.19382908885218e-05,2.39731021005607,0.653,0.286,0.0078758464289793,MSC
127,MSC,SP3,4.1913953,2.5564117,2.772444338313163e-05,0.0099530751745442,SP3,2.78564307458164e-05,0.612705890141036,0.776,0.432,0.0100004586377481,MSC
128,MSC,SP3,4.1913953,2.5564117,2.772444338313163e-05,0.0099530751745442,SP31,1.00177232473163e-05,2.16421112288235,0.828,0.387,0.0035963626457865,Fibroblast
129,MSC,SMAD1,4.053478,1.5123326,5.0461816991980473e-05,0.0181157923001209,SMAD1,5.06948516994977e-05,1.3535986445535,0.959,0.84,0.0181994517601197,MSC
130,MSC,SMAD1,4.053478,1.5123326,5.0461816991980473e-05,0.0181157923001209,SMAD11,0.0099370720062328,0.828338124126072,0.938,0.838,1.0,Fibroblast
131,MSC,ETV6,4.051323,1.8317575,5.0928906149187855e-05,0.0182834773075584,ETV6,5.11639845304484e-05,1.07737577224767,0.898,0.573,0.018367870446431,MSC
132,MSC,NR1I2,4.0233083,2.321536,5.738630775588119e-05,0.0206016844843613,NR1I2,5.7649532215864e-05,1.78888969973557,0.755,0.568,0.0206961820654952,MSC
133,MSC,KLF1,4.018998,1.7148927,5.844608378013451e-05,0.0209821440770682,KLF1,5.87139092789733e-05,1.44696933738761,0.857,0.723,0.0210782934311514,MSC
134,MSC,YY1,3.66774,1.7019671,0.0002447037909244,0.0878486609418645,YY1,0.0002457367280506,0.352483119552354,0.796,0.621,0.088219485370166,MSC
135,MSC,CREB3L1,3.6267958,1.5941195,0.0002869600301454,0.103018650822199,CREB3L1,0.0002881585754631,1.15075945361992,0.857,0.709,0.103448928591272,MSC
136,MSC,PBX3,3.620331,1.6950198,0.0002942264463117,0.1056272942259234,PBX3,0.0002954541447058,1.18520039669603,0.837,0.646,0.106068037949401,MSC
137,MSC,PBX3,3.620331,1.6950198,0.0002942264463117,0.1056272942259234,PBX31,4.39404724871549e-08,1.28215632817294,0.906,0.607,1.57746296228886e-05,Fibroblast
138,MSC,STAT5A,3.611711,1.1599019,0.0003041833216651,0.1092018124777968,STAT5A,0.0003054498835497,0.55259046064468,0.918,0.835,0.109656508194348,MSC
139,MSC,STAT5A,3.611711,1.1599019,0.0003041833216651,0.1092018124777968,STAT5A1,4.94778870254088e-06,1.42371761831833,1.0,0.828,0.0017762561442121,Megakaryocyte
140,MSC,SIX5,3.6095562,1.2424854,0.0003067213824424,0.110112976296844,SIX5,0.0003079978361057,0.510382686515157,0.98,0.961,0.11057122316197,MSC
141,MSC,SIX5,3.6095562,1.2424854,0.0003067213824424,0.110112976296844,SIX51,1.4112619687804e-08,1.38356629089678,1.0,0.953,5.06643046792165e-06,Fibroblast
142,MSC,SIX5,3.6095562,1.2424854,0.0003067213824424,0.110112976296844,SIX52,7.97767862948184e-05,0.593672855577995,1.0,0.959,0.0286398662798398,Megakaryocyte
143,MSC,MYB,3.6009364,3.9395428,0.0003170732495174,0.113829296576753,MYB,0.0003183899877466,0.435952679910373,0.755,0.485,0.114302005601039,MSC
144,MSC,MYB,3.6009364,3.9395428,0.0003170732495174,0.113829296576753,MYB1,0.0031568861733307,1.46091628058763,0.703,0.482,1.0,Fibroblast
145,MSC,MYB,3.6009364,3.9395428,0.0003170732495174,0.113829296576753,MYB2,0.0016827164889019,2.58640429696416,1.0,0.524,0.604095219515809,Myeloid
146,MSC,RARG,3.5772316,2.203399,0.0003472522668638,0.1246635638041167,RARG,0.0003486859151944,1.59902242434008,0.776,0.427,0.125178243554807,MSC
147,MSC,RARG,3.5772316,2.203399,0.0003472522668638,0.1246635638041167,RARG1,0.0004567497088842,2.95965925027099,1.0,0.48,0.163973145489441,Myeloid
148,MSC,REST,3.4306946,2.6049204,0.000602038073037,0.2161316682202941,REST,0.0006044336029089,0.678946349924674,0.735,0.549,0.216991663444299,MSC
149,MSC,REL,3.359581,3.294192,0.0007806078848697,0.2802382306682534,REL,0.0007836574735623,0.809911855626877,0.633,0.311,0.281333033008891,MSC
150,MSC,REL,3.359581,3.294192,0.0007806078848697,0.2802382306682534,REL1,5.83376826241328e-06,0.752703679208472,0.297,0.398,0.0020943228062063,Fibroblast
151,MSC,ELF1,3.355271,3.1502671,0.0007928727193592,0.2846413062499804,ELF1,0.0007959667499312,2.24488060005853,0.694,0.558,0.285752063225316,MSC
152,MSC,CXXC4,3.3380313,1.1691595,0.0008437423668211,0.3029035096887941,CXXC4,0.0002418200015624,0.714626854577336,0.95,0.877,0.0868133805609252,Neural
153,MSC,CXXC4,3.3380313,1.1691595,0.0008437423668211,0.3029035096887941,CXXC41,0.0008470201276178,0.835707546960456,0.98,0.888,0.304080225814798,MSC
154,MSC,ZBTB33,3.1333103,1.2416363,0.0017284664748955,0.620519464487488,ZBTB33,0.0017348228624029,1.47287229230007,1.0,0.956,0.622801407602664,MSC
155,MSC,ZBTB33,3.1333103,1.2416363,0.0017284664748955,0.620519464487488,ZBTB331,0.0002551875656526,0.284609195197287,1.0,0.953,0.0916123360693132,Fibroblast
156,MSC,ZBTB33,3.1333103,1.2416363,0.0017284664748955,0.620519464487488,ZBTB332,2.01596752822738e-06,0.393882411750162,1.0,0.959,0.0007237323426336,Megakaryocyte
157,MSC,PPARD,3.1139157,2.2548912,0.0018462229322046,0.662794032661482,PPARD,0.0018529762308678,2.0954876784201,0.673,0.306,0.665218466881571,MSC
158,MSC,VDR,3.1117606,1.1317353,0.0018597522182494,0.6676510463515672,VDR,0.0018665509626825,0.462602627975617,1.0,0.917,0.670091795603041,MSC
159,MSC,VDR,3.1117606,1.1317353,0.0018597522182494,0.6676510463515672,VDR1,2.24926536679172e-05,0.298749012474878,1.0,0.911,0.0080748626667822,Fibroblast
160,MSC,VDR,3.1117606,1.1317353,0.0018597522182494,0.6676510463515672,VDR2,0.0025199813100099,0.0228757372788158,1.0,0.923,0.904673290293557,Megakaryocyte
161,MSC,SMAD5,3.0320272,2.2625415,0.002429173438715,0.872073264498695,SMAD5,0.002437858702413,1.02763417278184,1.0,0.99,0.875191274166278,MSC
162,MSC,SMAD5,3.0320272,2.2625415,0.002429173438715,0.872073264498695,SMAD51,1.6396718776058597e-11,2.55452175569006,1.0,0.991,5.88642204060502e-09,Megakaryocyte
163,MSC,FOXL2,3.0169425,3.5736213,0.0025533828321049,0.9166644367256904,FOXL2,2.31093236002881e-12,1.56029623337773,0.218,0.299,8.29624717250343e-10,Neural
164,MSC,FOXL2,3.0169425,3.5736213,0.0025533828321049,0.9166644367256904,FOXL21,0.0025624734521129,1.06866064735968,0.694,0.165,0.919927969308547,MSC
165,MSC,BACH1,2.8897998,1.1785756,0.0038548714504975,1.0,BACH1,0.003868103922304,1.06534437473479,0.796,0.762,1.0,MSC
166,MSC,ZNF384,2.874715,1.3771764,0.0040439213125746,1.0,ZNF384,0.0008832121799782,1.05475988327678,0.782,0.591,0.317073172612207,Neural
167,MSC,ZNF384,2.874715,1.3771764,0.0040439213125746,1.0,ZNF3841,0.0040577416839251,0.634394028138703,0.837,0.626,1.0,MSC
168,MSC,CREB1,2.8617854,1.4145011,0.0042126202229056,1.0,CREB1,0.0042269626559323,0.793301699459845,0.816,0.665,1.0,MSC
169,MSC,ZEB1,2.775587,1.997754,0.0055102145501819,1.0,ZEB1,0.0055285006672981,1.37229603942182,0.714,0.578,1.0,MSC
170,MSC,BCL11A,2.7475727,1.166185,0.0060038217418106,1.0,BCL11A,0.0060235784132234,0.828158581237388,0.918,0.777,1.0,MSC
171,MSC,BCL11A,2.7475727,1.166185,0.0060038217418106,1.0,BCL11A1,0.0005391298083636,0.441630040571846,0.971,0.778,0.193547601202543,Megakaryocyte
172,MSC,JUNB,2.678614,1.812067,0.0073927583223429,1.0,JUNB,0.0074165787948398,1.20064028187941,0.714,0.597,1.0,MSC
173,MSC,TWIST2,2.6549094,1.2681136,0.0079329722010331,1.0,TWIST2,0.0036037699290512,3.68592299339924,0.594,0.319,1.0,Fibroblast
174,MSC,ATF6,2.6462896,2.5426166,0.0081380131887187,1.0,ATF6,1.15452262379415e-05,2.85539906910001,0.178,0.383,0.0041447362194209,Neural
175,MSC,NFYC,2.6441345,2.1310678,0.008190009010432,1.0,NFYC,5.28034472231982e-10,2.54266311235588,0.248,0.357,1.89564375531281e-07,Neural
176,MSC,ZNF207,2.6376698,1.0617682,0.0083477850023934,1.0,ZNF207,0.0083743437420487,1.23038574298651,0.878,0.767,1.0,MSC
177,MSC,ZNF207,2.6376698,1.0617682,0.0083477850023934,1.0,ZNF2071,8.21167176314552e-06,0.978635678054197,0.971,0.76,0.0029479901629692,Megakaryocyte
178,MSC,WT1,2.6355147,1.1492078,0.0084009780390007,1.0,WT1,0.0084276880771942,1.47819241835211,0.776,0.665,1.0,MSC
179,MSC,GLI1,2.6290498,2.297649,0.0085623808491496,1.0,GLI1,0.0085895372111079,0.7938077037191,0.653,0.35,1.0,MSC
180,MSC,ZC3H8,2.5557814,1.988832,0.010594970179905,1.0,ZC3H8,6.50192680371951e-05,0.847823193151862,0.766,0.44,0.023341917225353,Fibroblast
181,MSC,SOX9,2.4544983,1.2278103,0.0141081379036848,1.0,SOX9,0.000769611122131,0.223102735663707,0.851,0.747,0.276290392845041,Neural
182,MSC,MEF2D,2.3532152,3.7467766,0.0186118636449437,1.0,MEF2D,1.45595405671935e-14,0.759048639332143,0.208,0.266,5.2268750636224595e-12,Neural
183,MSC,FOXD3,2.3445952,2.3368802,0.0190477432705521,1.0,FOXD3,1.49080278352839e-06,2.10493632163403,0.265,0.044,0.0005351981992866,MSC
184,MSC,RARB,2.2799466,1.3404179,0.0226108611914131,1.0,RARB,0.005915529899525,2.05736313254004,0.416,0.513,1.0,Neural
185,MSC,RARB,2.2799466,1.3404179,0.0226108611914131,1.0,RARB1,0.0012627408179111,1.2955123977274,1.0,0.46,0.45332395363009,Myeloid
186,MSC,IRF2,2.2433121,1.1879497,0.0248766887096515,1.0,IRF2,0.0061712803969442,1.39011270246178,0.743,0.63,1.0,Neural
187,MSC,RARA,2.047211,1.3748232,0.0406373769293869,1.0,RARA,1.67430784256435e-05,1.27597376577846,0.743,0.506,0.006010765154806,Neural
188,MSC,PAX5,1.517091,2.0942788,0.1292436949165529,1.0,PAX5,7.92934950446795e-06,1.72325534461279,0.882,0.516,0.0028466364721039,Megakaryocyte
189,MSC,KLF5,1.4783018,0.6111222,0.1393270159590677,1.0,KLF5,0.0002691761313066,0.599644415826818,0.938,0.78,0.0966342311391015,Fibroblast
190,MSC,ZNF740,1.2498761,0.52766573,0.2113447901195074,1.0,ZNF740,9.86667844775745e-13,3.00358142526412,0.772,0.494,3.54213756274493e-10,Neural
191,MSC,FOSB,1.04731,1.050238,0.2949566153062838,1.0,FOSB,3.5977792390158197e-16,4.12450661487444,0.218,0.247,1.29160274680668e-13,Neural
192,MSC,SPI1,0.9912811,1.0612464,0.3215483436619208,1.0,SPI1,0.0004348646447127,0.441814486564428,0.824,0.566,0.156116407451886,Megakaryocyte
193,MSC,SPI1,0.9912811,1.0612464,0.3215483436619208,1.0,SPI11,0.0003265734778206,4.15984391905718,0.857,0.593,0.117239878537613,Myeloid
194,MSC,ZFX,0.97835135,0.27916196,0.3279005872219915,1.0,ZFX,7.57199047515652e-05,0.967614561895868,1.0,0.95,0.0271834458058119,Megakaryocyte
195,MSC,NFE2L2,0.7563906,0.46789762,0.4494150593009304,1.0,NFE2L2,0.001722370016135,0.633676642393114,0.802,0.61,0.618330835792464,Neural
196,MSC,MYBL1,0.52150005,2.8676865,0.6020184692938926,1.0,MYBL1,9.35227199772123e-16,7.96972556625566,0.069,0.195,3.35746564718192e-13,Neural
197,MSC,ZNF165,0.3620331,0.4892244,0.7173273000417575,1.0,ZNF165,1.85493798719348e-05,1.07023875741541,0.781,0.576,0.0066592273740246,Fibroblast
198,MSC,ATF1,0.06249381,0.16410416,0.950169592886355,1.0,ATF1,1.10691286632286e-13,1.9911548630476,0.911,0.455,3.97381719009906e-11,Neural
199,MSC,MSX2,-0.49133062,3.0169108,0.6231926209971097,1.0,MSX2,1.07725165216778e-06,5.24318361365189,0.094,0.136,0.0003867333431282,Fibroblast
200,MSC,POU2F2,-0.8102645,0.41849893,0.4177881487384238,1.0,POU2F2,0.0068243462065147,1.97014892386174,0.234,0.387,1.0,Fibroblast
201,MSC,POU4F2,-0.9632666,0.8043683,0.3354137375333791,1.0,POU4F2,4.672271609678e-15,7.97125354974453,0.703,0.208,1.6773455078744e-12,Neural
202,MSC,MEF2B,-1.1679877,0.72511286,0.2428117183013201,1.0,MEF2B,0.0021900480219953,1.10254192119821,0.416,0.247,0.786227239896344,Neural
203,MSC,ATF5,-1.3964133,3.2926204,0.1625900534427006,1.0,ATF5,1.2036745991563e-14,1.65004929242671,0.03,0.221,4.32119181097112e-12,Neural
204,MSC,SNAPC4,-1.5645002,2.1874533,0.1177001562977479,1.0,SNAPC4,0.0001482236150669,4.36916628136204,0.515,0.305,0.0532122778090399,Neural
205,MSC,ZBTB11,-1.83387,3.0319154,0.0666732910890878,1.0,ZBTB11,0.001722370016135,3.35262347849568,0.594,0.318,0.618330835792464,Neural
206,MSC,GABPA,-2.208833,4.149608,0.027186268170699,1.0,GABPA,1.89997783951826e-07,3.56941861639388,0.634,0.325,6.82092044387056e-05,Neural
207,MSC,ZNF382,-2.314426,1.512331,0.0206443742273154,1.0,ZNF382,8.50358737860348e-06,3.50051374075036,0.912,0.733,0.0030527878689186,Megakaryocyte
208,MSC,PITX1,-3.0621965,1.5274433,0.0021971909977375,0.7887915681877973,PITX1,2.17086028031796e-06,4.6324027179298,0.912,0.724,0.0007793388406341,Megakaryocyte
209,MSC,CREB5,-3.8940108,0.8592453,9.860028951346172e-05,0.0353975039353327,CREB5,9.90391260754283e-05,1.64599744620689,0.286,0.112,0.0355550462610787,MSC
210,MSC,CREB5,-3.8940108,0.8592453,9.860028951346172e-05,0.0353975039353327,CREB51,0.0033418244118074,0.839518020453755,0.188,0.131,1.0,Fibroblast
211,MSC,GLI3,-3.9155602,2.868931,9.01944943577833e-05,0.0323798234744442,GLI3,9.05981844252902e-05,0.9995242647136,0.286,0.083,0.0325247482086792,MSC
212,MSC,SPDEF,-5.288269,1.0157149,1.2347921516858486e-07,4.4329038245521965e-05,SPDEF,1.7618379682186999e-28,4.98051014035185,0.01,0.091,6.32499830590514e-26,Neural
213,MSC,GFI1,-5.7515855,0.10859954,8.841046098994154e-09,3.1739355495389013e-06,GFI1,0.0065092189021903,3.22193552068779,0.125,0.079,1.0,Fibroblast
214,MSC,GFI1,-5.7515855,0.10859954,8.841046098994154e-09,3.1739355495389013e-06,GFI11,0.0004644134116312,0.396091765060761,0.059,0.095,0.166724414775625,Megakaryocyte
215,MSC,SOX4,-6.2019715,0.1469442,5.57601086013379e-10,2.0017878987880305e-07,SOX4,5.614324291145591e-10,0.567519823449411,0.143,0.019,2.01554242052127e-07,MSC
216,MSC,SOX4,-6.2019715,0.1469442,5.57601086013379e-10,2.0017878987880305e-07,SOX41,4.50405944432702e-05,3.21483325075538,0.031,0.047,0.016169573405134,Fibroblast
217,MSC,PIN1,-6.9001784,1.724915,5.19372822711742e-12,1.8645484335351536e-09,PIN1,1.7185905903618001e-22,3.56130922981179,0.03,0.136,6.16974021939886e-20,Neural
218,Fibroblast,ZBTB16,5.884485,1.7887774,3.992958076763334e-09,1.4334719495580369e-06,ZBTB16,4.0166627025651405e-09,0.772608367039057,0.938,0.466,1.44198191022089e-06,Fibroblast
219,Fibroblast,ZBTB16,5.884485,1.7887774,3.992958076763334e-09,1.4334719495580369e-06,ZBTB161,0.0013706373767058,0.87460341249274,0.882,0.538,0.49205881823739,Megakaryocyte
220,Fibroblast,PAX6,5.694536,2.4554806,1.2370760642953412e-08,4.441103070820275e-06,PAX6,1.24419458883466e-08,3.87144841559872,1.0,0.974,4.46665857391643e-06,Fibroblast
221,Fibroblast,SIX5,5.672996,1.918081,1.4032164011751362e-08,5.037546880218739e-06,SIX5,0.0003079978361057,0.510382686515157,0.98,0.961,0.11057122316197,MSC
222,Fibroblast,SIX5,5.672996,1.918081,1.4032164011751362e-08,5.037546880218739e-06,SIX51,1.4112619687804e-08,1.38356629089678,1.0,0.953,5.06643046792165e-06,Fibroblast
223,Fibroblast,SIX5,5.672996,1.918081,1.4032164011751362e-08,5.037546880218739e-06,SIX52,7.97767862948184e-05,0.593672855577995,1.0,0.959,0.0286398662798398,Megakaryocyte
224,Fibroblast,PBX3,5.4752145,2.2868109,4.369819987904885e-08,1.568765375657854e-05,PBX3,0.0002954541447058,1.18520039669603,0.837,0.646,0.106068037949401,MSC
225,Fibroblast,PBX3,5.4752145,2.2868109,4.369819987904885e-08,1.568765375657854e-05,PBX31,4.39404724871549e-08,1.28215632817294,0.906,0.607,1.57746296228886e-05,Fibroblast
226,Fibroblast,SMAD5,5.1305656,3.0603497,2.888725705005796e-07,0.0001037052528097,SMAD5,0.002437858702413,1.02763417278184,1.0,0.99,0.875191274166278,MSC
227,Fibroblast,SMAD5,5.1305656,3.0603497,2.888725705005796e-07,0.0001037052528097,SMAD51,1.6396718776058597e-11,2.55452175569006,1.0,0.991,5.88642204060502e-09,Megakaryocyte
228,Fibroblast,SP3,4.4177694,3.2833905,9.9724628335075e-06,0.0035801141572291,SP3,2.78564307458164e-05,0.612705890141036,0.776,0.432,0.0100004586377481,MSC
229,Fibroblast,SP3,4.4177694,3.2833905,9.9724628335075e-06,0.0035801141572291,SP31,1.00177232473163e-05,2.16421112288235,0.828,0.387,0.0035963626457865,Fibroblast
230,Fibroblast,ZNF165,4.282652,2.0259337,1.846791612073189e-05,0.0066299818873427,ZNF165,1.85493798719348e-05,1.07023875741541,0.781,0.576,0.0066592273740246,Fibroblast
231,Fibroblast,VDR,4.2395706,1.3449711,2.239477678972065e-05,0.0080397248675097,VDR,0.0018665509626825,0.462602627975617,1.0,0.917,0.670091795603041,MSC
232,Fibroblast,VDR,4.2395706,1.3449711,2.239477678972065e-05,0.0080397248675097,VDR1,2.24926536679172e-05,0.298749012474878,1.0,0.911,0.0080748626667822,Fibroblast
233,Fibroblast,VDR,4.2395706,1.3449711,2.239477678972065e-05,0.0080397248675097,VDR2,0.0025199813100099,0.0228757372788158,1.0,0.923,0.904673290293557,Megakaryocyte
234,Fibroblast,ZNF589,4.0887866,3.7395577,4.336352048932766e-05,0.0155675038556686,ZNF589,4.35468943783647e-05,1.67413328045818,0.703,0.497,0.0156333350818329,Fibroblast
235,Fibroblast,E2F7,4.047664,1.4828993,5.173135057253261e-05,0.0185715548555392,E2F7,1.43112694068748e-11,2.57568702816433,1.0,0.976,5.137745717068051e-09,MSC
236,Fibroblast,E2F7,4.047664,1.4828993,5.173135057253261e-05,0.0185715548555392,E2F71,5.19481134610249e-05,0.567257126439393,1.0,0.974,0.0186493727325079,Fibroblast
237,Fibroblast,ZC3H8,3.9947917,3.0509734,6.475116013795066e-05,0.0232456664895242,ZC3H8,6.50192680371951e-05,0.847823193151862,0.766,0.44,0.023341917225353,Fibroblast
238,Fibroblast,MYC,3.8518407,1.4234937,0.0001172332293608,0.0420867293405525,MYC,3.83527969704759e-16,3.8165887727709,1.0,0.995,1.3768654112400899e-13,Megakaryocyte
239,Fibroblast,ZBTB2,3.7637205,0.24369031,0.0001674040495063,0.0600980537727787,ZBTB2,3.47224240304334e-06,0.861180911490691,0.735,0.903,0.0012465350226925,MSC
240,Fibroblast,ZBTB2,3.7637205,0.24369031,0.0001674040495063,0.0600980537727787,ZBTB21,0.0001680610343753,7.75335766172634,0.875,0.869,0.060333911340766,Fibroblast
241,Fibroblast,DNMT1,3.7049735,1.0293143,0.0002114128640495,0.0758972181937739,DNMT1,0.0002122309878353,0.76137470106631,0.953,0.759,0.0761909246328787,Fibroblast
242,Fibroblast,DNMT1,3.7049735,1.0293143,0.0002114128640495,0.0758972181937739,DNMT11,0.0004307896018797,0.832955091032868,0.912,0.792,0.154653467074841,Megakaryocyte
243,Fibroblast,NR2C2,3.7030153,1.6450241,0.0002130520840469,0.0764856981728561,NR2C2,0.0002138761626938,1.31113055962097,0.812,0.597,0.0767815424071059,Fibroblast
244,Fibroblast,ZBTB33,3.657976,1.1758136,0.000254214928673,0.0912631593936248,ZBTB33,0.0017348228624029,1.47287229230007,1.0,0.956,0.622801407602664,MSC
245,Fibroblast,ZBTB33,3.657976,1.1758136,0.000254214928673,0.0912631593936248,ZBTB331,0.0002551875656526,0.284609195197287,1.0,0.953,0.0916123360693132,Fibroblast
246,Fibroblast,ZBTB33,3.657976,1.1758136,0.000254214928673,0.0912631593936248,ZBTB332,2.01596752822738e-06,0.393882411750162,1.0,0.959,0.0007237323426336,Megakaryocyte
247,Fibroblast,KLF5,3.6442683,1.209341,0.0002681535837541,0.096267136567731,KLF5,0.0002691761313066,0.599644415826818,0.938,0.78,0.0966342311391015,Fibroblast
248,Fibroblast,HIC1,3.5169833,0.37479994,0.00043648129645,0.1566967854255709,HIC1,1.5741953525218302e-14,0.919288068601527,0.918,0.985,5.6513613155533795e-12,MSC
249,Fibroblast,HIC1,3.5169833,0.37479994,0.00043648129645,0.1566967854255709,HIC11,0.0012347190312766,0.0256728039480412,1.0,0.968,0.443264132228307,Megakaryocyte
250,Fibroblast,EPAS1,3.3524919,2.4354327,0.0008008760081165,0.2875144869138339,EPAS1,0.0008037134392544,1.97182568165949,0.734,0.487,0.288533124692361,Fibroblast
251,Fibroblast,KLF13,3.2878702,1.2803209,0.0010094836500471,0.362404630366923,KLF13,0.0010129999981189,0.752136177620944,0.828,0.717,0.363666999324717,Fibroblast
252,Fibroblast,HIF1A,3.2839537,1.2826093,0.001023617183211,0.3674785687727804,HIF1A,1.35476032890855e-15,1.92873219838874,1.0,0.684,4.8635895807817e-13,MSC
253,Fibroblast,HIF1A,3.2839537,1.2826093,0.001023617183211,0.3674785687727804,HIF1A1,0.0010271790692969,1.05606156239889,0.891,0.696,0.368757285877587,Fibroblast
254,Fibroblast,RXRA,3.1997497,1.5089424,0.001375469303591,0.4937934799891978,RXRA,3.00051311056994e-07,1.86222383644772,0.898,0.602,0.0001077184206694,MSC
255,Fibroblast,RXRA,3.1997497,1.5089424,0.001375469303591,0.4937934799891978,RXRA1,0.0013801489645377,0.385535970092272,0.828,0.602,0.495473478269033,Fibroblast
256,Fibroblast,ZBED1,2.9921772,1.2613505,0.0027699533947592,0.9944132687185818,ZBED1,1.74439732761519e-07,2.51677334850819,1.0,1.0,6.26238640613852e-05,MSC
257,Fibroblast,ZBED1,2.9921772,1.2613505,0.0027699533947592,0.9944132687185818,ZBED11,1.23273050442351e-10,1.52642757946013,1.0,1.0,4.4255025108804e-08,Megakaryocyte
258,Fibroblast,MYB,2.9530127,4.199813,0.0031468904004005,1.0,MYB,0.0003183899877466,0.435952679910373,0.755,0.485,0.114302005601039,MSC
259,Fibroblast,MYB,2.9530127,4.199813,0.0031468904004005,1.0,MYB1,0.0031568861733307,1.46091628058763,0.703,0.482,1.0,Fibroblast
260,Fibroblast,MYB,2.9530127,4.199813,0.0031468904004005,1.0,MYB2,0.0016827164889019,2.58640429696416,1.0,0.524,0.604095219515809,Myeloid
261,Fibroblast,JUND,2.9138482,2.4324389,0.003570036256392,1.0,JUND,9.674128831761871e-10,2.47040867413288,0.796,0.422,3.47301225060251e-07,MSC
262,Fibroblast,JUND,2.9138482,2.4324389,0.003570036256392,1.0,JUND1,0.0035812487629517,0.897699938487219,0.656,0.44,1.0,Fibroblast
263,Fibroblast,TWIST2,2.9118898,3.5030086,0.0035924932936202,1.0,TWIST2,0.0036037699290512,3.68592299339924,0.594,0.319,1.0,Fibroblast
264,Fibroblast,ELF5,2.8923075,1.3505422,0.003824234416658,1.0,ELF5,0.0038361703461348,0.726716025499338,0.828,0.654,1.0,Fibroblast
265,Fibroblast,ELF5,2.8923075,1.3505422,0.003824234416658,1.0,ELF51,5.46056070725067e-05,1.05063387321162,0.853,0.674,0.0196034129390299,Megakaryocyte
266,Fibroblast,SMAD1,2.5789905,0.90056235,0.0099089507706117,1.0,SMAD1,5.06948516994977e-05,1.3535986445535,0.959,0.84,0.0181994517601197,MSC
267,Fibroblast,SMAD1,2.5789905,0.90056235,0.0099089507706117,1.0,SMAD11,0.0099370720062328,0.828338124126072,0.938,0.838,1.0,Fibroblast
268,Fibroblast,SRF,2.5280764,1.0101249,0.0114689358231569,1.0,SRF,4.7872782379837e-06,1.34916819160908,0.959,0.859,0.0017186328874361,MSC
269,Fibroblast,SRF,2.5280764,1.0101249,0.0114689358231569,1.0,SRF1,6.40093895675923e-05,0.659463819930171,0.882,0.878,0.0229793708547656,Megakaryocyte
270,Fibroblast,ELK1,2.287214,0.4988171,0.0221833316092088,1.0,ELK1,3.30920292273102e-08,4.25902776113562,1.0,0.942,1.18800384926044e-05,MSC
271,Fibroblast,MAZ,2.2558823,1.2500389,0.0240779993590814,1.0,MAZ,6.18319559671964e-06,2.62973571899435,0.796,0.573,0.0022197672192223,MSC
272,Fibroblast,SMAD3,2.195177,0.72876966,0.0281508894611937,1.0,SMAD3,6.6347449626863e-15,5.52675875660809,0.959,0.549,2.38187344160438e-12,MSC
273,Fibroblast,TBP,1.9131919,0.80990607,0.0557234901153469,1.0,TBP,2.99921751004196e-06,1.2236328939868,0.959,0.806,0.001076719086105,MSC
274,Fibroblast,PROX1,1.8583615,1.9519328,0.0631177062653726,1.0,PROX1,2.28328127238254e-10,2.65656571717075,0.878,0.447,8.19697976785331e-08,MSC
275,Fibroblast,FOXM1,1.7624081,0.5889291,0.0780003717379112,1.0,FOXM1,1.75675859056462e-05,1.16865065466684,0.857,0.699,0.006306763340127,MSC
276,Fibroblast,ETV4,1.6879953,0.49231493,0.0914121292801112,1.0,ETV4,5.6894477169001e-15,2.55777839777932,0.98,0.777,2.04251173036713e-12,MSC
277,Fibroblast,ETV6,1.566585,0.73277867,0.1172117322465732,1.0,ETV6,5.11639845304484e-05,1.07737577224767,0.898,0.573,0.018367870446431,MSC
278,Fibroblast,NR1I2,1.5039216,0.7537341,0.1326015609956538,1.0,NR1I2,5.7649532215864e-05,1.78888969973557,0.755,0.568,0.0206961820654952,MSC
279,Fibroblast,ETS1,1.4158012,0.4107091,0.1568337267953603,1.0,ETS1,4.29460152147076e-10,2.38014341224524,1.0,0.878,1.541761946208e-07,Megakaryocyte
280,Fibroblast,ZHX1,1.3707619,0.37296152,0.1704492063202651,1.0,ZHX1,2.91018484905893e-16,3.51000178902371,0.98,0.646,1.04475636081215e-13,MSC
281,Fibroblast,NFE2L2,1.0241549,0.38525113,0.3057621042138334,1.0,NFE2L2,0.001722370016135,0.633676642393114,0.802,0.61,0.618330835792464,Neural
282,Fibroblast,SP1,1.0045726,0.3201415,0.3151026893492445,1.0,SP1,2.3239593105269904e-15,3.003829096733,0.98,0.782,8.34301392479188e-13,MSC
283,Fibroblast,ZFX,0.7813343,0.26674953,0.4346059274693566,1.0,ZFX,7.57199047515652e-05,0.967614561895868,1.0,0.95,0.0271834458058119,Megakaryocyte
284,Fibroblast,TCF4,0.7265038,0.38174286,0.4675299899411604,1.0,TCF4,9.48327039554482e-15,2.41301177858613,0.959,0.519,3.40449407200059e-12,MSC
285,Fibroblast,USF1,0.70104676,0.09318868,0.4832738241675425,1.0,USF1,1.55225193523725e-16,3.04751868524989,1.0,0.66,5.5725844475017305e-14,MSC
286,Fibroblast,KDM5B,0.6031352,0.6569155,0.546418741345355,1.0,KDM5B,4.5940556488232e-06,2.85300483819351,0.735,0.417,0.0016492659779275,MSC
287,Fibroblast,WT1,0.37793863,0.35195795,0.7054761881546151,1.0,WT1,0.0084276880771942,1.47819241835211,0.776,0.665,1.0,MSC
288,Fibroblast,MYBL2,0.35248163,0.028366316,0.7244771008267736,1.0,MYBL2,8.85267469036983e-11,2.93428399533298,0.796,0.311,3.17811021384277e-08,MSC
289,Fibroblast,TEAD2,0.26827767,0.071128055,0.7884855878981483,1.0,TEAD2,1.55221757636367e-08,1.92615878227077,0.959,0.694,5.57246109914557e-06,MSC
290,Fibroblast,TEAD2,0.26827767,0.071128055,0.7884855878981483,1.0,TEAD21,2.69019417783781e-07,1.20343267005555,1.0,0.706,9.65779709843775e-05,Megakaryocyte
291,Fibroblast,KLF4,0.13707618,0.27784806,0.8909705761782588,1.0,KLF4,7.53418322824135e-06,0.648167913839962,0.723,0.481,0.0027047717789386,Neural
292,Fibroblast,JUNB,0.109660946,0.27053463,0.9126782723903356,1.0,JUNB,0.0074165787948398,1.20064028187941,0.714,0.597,1.0,MSC
293,Fibroblast,KLF1,-0.0019582312,0.036963202,0.9984375585433584,1.0,KLF1,5.87139092789733e-05,1.44696933738761,0.857,0.723,0.0210782934311514,MSC
294,Fibroblast,CDX2,-0.19973959,0.54067785,0.8416842537980554,1.0,CDX2,5.87139092789733e-05,3.4622588808662,0.612,0.33,0.0210782934311514,MSC
295,Fibroblast,KLF6,-0.20365605,0.102008775,0.8386222919530164,1.0,KLF6,4.827899470595801e-10,8.15725101273576,0.816,0.306,1.73321590994389e-07,MSC
296,Fibroblast,NR2F2,-0.36423102,0.9970142,0.7156855150204269,1.0,NR2F2,9.874152870312331e-17,3.96033259895495,0.857,0.233,3.5448208804421304e-14,MSC
297,Fibroblast,MBD1,-0.39752093,0.83081865,0.6909833501167006,1.0,MBD1,0.0017864530485554,2.30727706483892,0.612,0.388,0.641336644431388,MSC
298,Fibroblast,TCF7L2,-0.40339562,0.121912524,0.6866572003981737,1.0,TCF7L2,0.0007180443697592,0.682516615779329,0.337,0.305,0.257777928743566,Neural
299,Fibroblast,HINFP,-0.42885265,0.3696378,0.6680304701936943,1.0,HINFP,0.0065156542157269,2.48070462511641,0.551,0.364,1.0,MSC
300,Fibroblast,CEBPE,-0.48564133,0.90440494,0.6272214792451956,1.0,CEBPE,0.0066260457631091,7.0962917179891,0.857,0.242,1.0,Myeloid
301,Fibroblast,MAFF,-0.58844846,0.28544888,0.5562313046401771,1.0,MAFF,9.76123201241669e-05,1.63592806541171,0.376,0.253,0.0350428229245759,Neural
302,Fibroblast,ETV1,-0.6951721,2.9200082,0.4869474657879209,1.0,ETV1,4.0055668586788e-11,3.97103071224368,0.796,0.35,1.43799850226569e-08,MSC
303,Fibroblast,SNAPC4,-0.8204989,1.6374308,0.4119317673069567,1.0,SNAPC4,0.0001482236150669,4.36916628136204,0.515,0.305,0.0532122778090399,Neural
304,Fibroblast,CTCFL,-0.9184104,4.615394,0.3584040264410886,1.0,CTCFL,3.53383278405696e-05,3.5937700608851,0.525,0.338,0.0126864596947645,Neural
305,Fibroblast,GLI1,-1.0065309,1.0195445,0.3141602812446411,1.0,GLI1,0.0085895372111079,0.7938077037191,0.653,0.35,1.0,MSC
306,Fibroblast,PPARA,-1.3942606,0.3118616,0.163238915933423,1.0,PPARA,0.0008339795375514,2.43637251186681,0.551,0.165,0.299398653980987,MSC
307,Fibroblast,ATF7,-1.4569241,0.90781814,0.1451373530844273,1.0,ATF7,0.0031874080345273,2.558683491891,0.469,0.316,1.0,MSC
308,Fibroblast,ZNF175,-1.5176291,2.496863,0.1291079029732398,1.0,ZNF175,2.25133647802739e-07,2.12194461832681,0.714,0.364,8.08229795611832e-05,MSC
309,Fibroblast,MBD4,-1.6488307,0.05035403,0.0991823266050589,1.0,MBD4,2.8864567680816697e-12,1.39070348343704,0.857,0.267,1.0362379797413202e-09,MSC
310,Fibroblast,E2F6,-1.6527472,5.650149,0.0983823345378097,1.0,E2F6,7.15418906582337e-05,2.7142221457419,0.545,0.305,0.0256835387463059,Neural
311,Fibroblast,POU4F2,-2.0287275,1.2572565,0.0424860490359468,1.0,POU4F2,4.672271609678e-15,7.97125354974453,0.703,0.208,1.6773455078744e-12,Neural
312,Fibroblast,GABPA,-2.1481795,3.0408757,0.0316994869949622,1.0,GABPA,1.89997783951826e-07,3.56941861639388,0.634,0.325,6.82092044387056e-05,Neural
313,Fibroblast,EGR1,-2.4007914,2.2868557,0.0163596561635185,1.0,EGR1,5.305406613052361e-09,1.73214934317959,0.634,0.312,1.9046409740858e-06,Neural
314,Fibroblast,EGR1,-2.4007914,2.2868557,0.0163596561635185,1.0,EGR11,0.0032547246810836,1.52804024651085,0.551,0.413,1.0,MSC
315,Fibroblast,ZNF750,-2.4282067,0.4326442,0.0151736922028929,1.0,ZNF750,2.13563635984102e-06,1.84236963241224,0.267,0.162,0.0007666934531829,Neural
316,Fibroblast,NANOG,-2.5280764,1.1971029,0.0114689358231569,1.0,NANOG,0.0044490239519331,0.794075410741521,0.347,0.273,1.0,Neural
317,Fibroblast,NANOG,-2.5280764,1.1971029,0.0114689358231569,1.0,NANOG1,7.2517874017003105e-09,2.98447421325485,0.612,0.228,2.60339167721041e-06,MSC
318,Fibroblast,POU5F1,-2.5594082,0.49149582,0.0104850543442106,1.0,POU5F1,2.28694362040728e-06,0.174875087255279,0.317,0.188,0.0008210127597262,Neural
319,Fibroblast,POU5F1,-2.5594082,0.49149582,0.0104850543442106,1.0,POU5F11,0.0005671492188229,9.69674147277382,0.408,0.199,0.203606569557446,MSC
320,Fibroblast,POU2F2,-2.7062755,0.837747,0.0068042562558093,1.0,POU2F2,0.0068243462065147,1.97014892386174,0.234,0.387,1.0,Fibroblast
321,Fibroblast,DUX4,-2.7846048,1.810313,0.0053593000362073,1.0,DUX4,2.35427374583495e-07,3.29701322160804,0.505,0.24,8.45184274754749e-05,Neural
322,Fibroblast,DUX4,-2.7846048,1.810313,0.0053593000362073,1.0,DUX41,0.0079076701264481,0.753831778948592,0.51,0.306,1.0,MSC
323,Fibroblast,ONECUT1,-2.8590176,1.0944338,0.0042495523612403,1.0,ONECUT1,9.52579477890031e-06,2.291428187419,0.426,0.247,0.0034197603256252,Neural
324,Fibroblast,ONECUT1,-2.8590176,1.0944338,0.0042495523612403,1.0,ONECUT11,3.06279046775461e-06,2.61127677387128,0.551,0.262,0.0010995417779239,MSC
325,Fibroblast,RELB,-2.9177644,4.3917065,0.0035255048640552,1.0,RELB,0.0059449015417218,5.42992603712525,0.551,0.33,1.0,MSC
326,Fibroblast,ZBTB11,-2.929514,5.7029953,0.0033949262665837,1.0,ZBTB11,0.001722370016135,3.35262347849568,0.594,0.318,0.618330835792464,Neural
327,Fibroblast,NR2F6,-3.5013175,0.7666003,0.0004629640767794,0.1662041035638296,NR2F6,0.0006825779701931,2.66066421954807,0.208,0.234,0.245045491299341,Neural
328,Fibroblast,FOXK2,-3.6756,4.2619514,0.0002372910725015,0.0851874950280563,FOXK2,5.995933186477e-08,3.50764180594872,0.584,0.26,2.15254001394524e-05,Neural
329,Fibroblast,MEF2B,-3.8772979,2.9354966,0.0001056230391911,0.0379186710696157,MEF2B,0.0021900480219953,1.10254192119821,0.416,0.247,0.786227239896344,Neural
330,Fibroblast,FLI1,-4.2904844,1.0436726,1.7828365088933548e-05,0.0064003830669271,FLI1,2.01117060416636e-06,2.56209821054963,0.356,0.195,0.0007220102468957,Neural
331,Fibroblast,KLF3,-4.3962293,2.023019,1.1014768533206436e-05,0.0039543019034211,KLF3,4.26986532665972e-06,5.90332890731832,0.505,0.234,0.0015328816522708,Neural
332,Fibroblast,KLF3,-4.3962293,2.023019,1.1014768533206436e-05,0.0039543019034211,KLF31,0.0006542471107428,0.282663900809241,0.51,0.301,0.234874712756685,MSC
333,Fibroblast,FOXO4,-4.480433,1.0406085,7.449175231078375e-06,0.0026742539079571,FOXO4,9.965989055650279e-11,0.0539405884443547,0.04,0.24,3.57779007097845e-08,Neural
334,Fibroblast,IRF8,-4.691922,0.55494046,2.706503226850522e-06,0.0009716346584393,IRF8,1.1481327005147801e-23,5.24941724478152,0.01,0.123,4.12179639484806e-21,Neural
335,Fibroblast,SPDEF,-4.697797,0.68057203,2.629830102772582e-06,0.0009441090068953,SPDEF,1.7618379682186999e-28,4.98051014035185,0.01,0.091,6.32499830590514e-26,Neural
336,Fibroblast,MSX2,-4.877954,1.0712183,1.0719193394724805e-06,0.0003848190428706,MSX2,1.07725165216778e-06,5.24318361365189,0.094,0.136,0.0003867333431282,Fibroblast
337,Fibroblast,KMT2A,-6.936055,2.516424,4.032007530013919e-12,1.447490703274997e-09,KMT2A,1.7866235115283602e-09,2.43457380801434,0.515,0.221,6.41397840638682e-07,Neural
338,Fibroblast,KMT2A,-6.936055,2.516424,4.032007530013919e-12,1.447490703274997e-09,KMT2A1,0.0008536111070966,2.94540741694745,0.469,0.306,0.306446387447712,MSC
339,Megakaryocyte,MYC,8.144901,5.012281,3.795903568350651e-16,1.3627293810378837e-13,MYC,3.83527969704759e-16,3.8165887727709,1.0,0.995,1.3768654112400899e-13,Megakaryocyte
340,Megakaryocyte,SMAD5,6.7362156,5.551679,1.6256479774397937e-11,5.8360762390088595e-09,SMAD5,0.002437858702413,1.02763417278184,1.0,0.99,0.875191274166278,MSC
341,Megakaryocyte,SMAD5,6.7362156,5.551679,1.6256479774397937e-11,5.8360762390088595e-09,SMAD51,1.6396718776058597e-11,2.55452175569006,1.0,0.991,5.88642204060502e-09,Megakaryocyte
342,Megakaryocyte,ZBED1,6.4364953,3.9907477,1.222635349409817e-10,4.389260904381244e-08,ZBED1,1.74439732761519e-07,2.51677334850819,1.0,1.0,6.26238640613852e-05,MSC
343,Megakaryocyte,ZBED1,6.4364953,3.9907477,1.222635349409817e-10,4.389260904381244e-08,ZBED11,1.23273050442351e-10,1.52642757946013,1.0,1.0,4.4255025108804e-08,Megakaryocyte
344,Megakaryocyte,ETS1,6.244175,2.5573983,4.2604327430640287e-10,1.5294953547599865e-07,ETS1,4.29460152147076e-10,2.38014341224524,1.0,0.878,1.541761946208e-07,Megakaryocyte
345,Megakaryocyte,HIVEP2,5.2401114,5.2760644,1.6047959472908705e-07,5.761217450774225e-05,HIVEP2,1.06765127671954e-18,2.02815137947717,0.98,0.209,3.83286808342313e-16,MSC
346,Megakaryocyte,HIVEP2,5.2401114,5.2760644,1.6047959472908705e-07,5.761217450774225e-05,HIVEP21,1.61569204385382e-07,2.68268529595635,0.882,0.276,5.80033443743523e-05,Megakaryocyte
347,Megakaryocyte,TEAD2,5.1452003,2.2000086,2.6723587321059856e-07,9.593767848260488e-05,TEAD2,1.55221757636367e-08,1.92615878227077,0.959,0.694,5.57246109914557e-06,MSC
348,Megakaryocyte,TEAD2,5.1452003,2.2000086,2.6723587321059856e-07,9.593767848260488e-05,TEAD21,2.69019417783781e-07,1.20343267005555,1.0,0.706,9.65779709843775e-05,Megakaryocyte
349,Megakaryocyte,ZBTB33,4.753066,1.722445,2.003550338267488e-06,0.000719274571438,ZBTB33,0.0017348228624029,1.47287229230007,1.0,0.956,0.622801407602664,MSC
350,Megakaryocyte,ZBTB33,4.753066,1.722445,2.003550338267488e-06,0.000719274571438,ZBTB331,0.0002551875656526,0.284609195197287,1.0,0.953,0.0916123360693132,Fibroblast
351,Megakaryocyte,ZBTB33,4.753066,1.722445,2.003550338267488e-06,0.000719274571438,ZBTB332,2.01596752822738e-06,0.393882411750162,1.0,0.959,0.0007237323426336,Megakaryocyte
352,Megakaryocyte,STAT5A,4.5682383,1.817909,4.918406671460787e-06,0.0017657079950544,STAT5A,0.0003054498835497,0.55259046064468,0.918,0.835,0.109656508194348,MSC
353,Megakaryocyte,STAT5A,4.5682383,1.817909,4.918406671460787e-06,0.0017657079950544,STAT5A1,4.94778870254088e-06,1.42371761831833,1.0,0.828,0.0017762561442121,Megakaryocyte
354,Megakaryocyte,PAX5,4.4683313,4.344155,7.883207290724229e-06,0.0028300714173699,PAX5,7.92934950446795e-06,1.72325534461279,0.882,0.516,0.0028466364721039,Megakaryocyte
355,Megakaryocyte,ZNF207,4.4608383,1.8057563,8.163960059540833e-06,0.0029308616613751,ZNF207,0.0083743437420487,1.23038574298651,0.878,0.767,1.0,MSC
356,Megakaryocyte,ZNF207,4.4608383,1.8057563,8.163960059540833e-06,0.0029308616613751,ZNF2071,8.21167176314552e-06,0.978635678054197,0.971,0.76,0.0029479901629692,Megakaryocyte
357,Megakaryocyte,ELF5,4.0362344,2.0278652,5.431590400374143e-05,0.0194994095373431,ELF5,0.0038361703461348,0.726716025499338,0.828,0.654,1.0,Fibroblast
358,Megakaryocyte,ELF5,4.0362344,2.0278652,5.431590400374143e-05,0.0194994095373431,ELF51,5.46056070725067e-05,1.05063387321162,0.853,0.674,0.0196034129390299,Megakaryocyte
359,Megakaryocyte,RFX5,4.011258,2.5484734,6.039608906830795e-05,0.0216821959755225,RFX5,2.4313477968256303e-09,2.0887494524994,0.898,0.587,8.72853859060402e-07,MSC
360,Megakaryocyte,RFX5,4.011258,2.5484734,6.039608906830795e-05,0.0216821959755225,RFX51,6.07164155685443e-05,1.49848365229995,0.882,0.611,0.0217971931891074,Megakaryocyte
361,Megakaryocyte,ZFX,3.9588068,1.3668003,7.532512531671516e-05,0.0270417199887007,ZFX,7.57199047515652e-05,0.967614561895868,1.0,0.95,0.0271834458058119,Megakaryocyte
362,Megakaryocyte,SIX5,3.9463184,1.6028022,7.936203444203304e-05,0.0284909703646898,SIX5,0.0003079978361057,0.510382686515157,0.98,0.961,0.11057122316197,MSC
363,Megakaryocyte,SIX5,3.9463184,1.6028022,7.936203444203304e-05,0.0284909703646898,SIX51,1.4112619687804e-08,1.38356629089678,1.0,0.953,5.06643046792165e-06,Fibroblast
364,Megakaryocyte,SIX5,3.9463184,1.6028022,7.936203444203304e-05,0.0284909703646898,SIX52,7.97767862948184e-05,0.593672855577995,1.0,0.959,0.0286398662798398,Megakaryocyte
365,Megakaryocyte,STAT2,3.8613977,3.8195627,0.0001127402121848,0.0404737361743605,STAT2,2.25335970164283e-19,4.87302008681838,0.918,0.325,8.08956132889776e-17,MSC
366,Megakaryocyte,HOXA10,3.7390118,1.4718646,0.0001847449954216,0.0663234533563835,HOXA10,5.19500409110209e-08,0.841186170819969,0.816,0.976,1.86500646870565e-05,MSC
367,Megakaryocyte,HOXA10,3.7390118,1.4718646,0.0001847449954216,0.0663234533563835,HOXA101,0.0001347715945495,0.384715377398079,0.938,0.948,0.0483830024432796,Fibroblast
368,Megakaryocyte,HOXA10,3.7390118,1.4718646,0.0001847449954216,0.0663234533563835,HOXA102,0.0001856647995255,1.22602673911397,0.971,0.941,0.0666536630296817,Megakaryocyte
369,Megakaryocyte,DNMT1,3.5217147,1.1654202,0.0004287654764466,0.1539268060443626,DNMT1,0.0002122309878353,0.76137470106631,0.953,0.759,0.0761909246328787,Fibroblast
370,Megakaryocyte,DNMT1,3.5217147,1.1654202,0.0004287654764466,0.1539268060443626,DNMT11,0.0004307896018797,0.832955091032868,0.912,0.792,0.154653467074841,Megakaryocyte
371,Megakaryocyte,SPI1,3.519217,2.8601785,0.000432822645931,0.1553833298892596,SPI1,0.0004348646447127,0.441814486564428,0.824,0.566,0.156116407451886,Megakaryocyte
372,Megakaryocyte,SPI1,3.519217,2.8601785,0.000432822645931,0.1553833298892596,SPI11,0.0003265734778206,4.15984391905718,0.857,0.593,0.117239878537613,Myeloid
373,Megakaryocyte,BCL11A,3.4617705,1.359744,0.0005366345068866,0.1926517879722959,BCL11A,0.0060235784132234,0.828158581237388,0.918,0.777,1.0,MSC
374,Megakaryocyte,BCL11A,3.4617705,1.359744,0.0005366345068866,0.1926517879722959,BCL11A1,0.0005391298083636,0.441630040571846,0.971,0.778,0.193547601202543,Megakaryocyte
375,Megakaryocyte,HIC1,3.2319849,0.62935543,0.0012293355761473,0.4413314718369144,HIC1,1.5741953525218302e-14,0.919288068601527,0.918,0.985,5.6513613155533795e-12,MSC
376,Megakaryocyte,HIC1,3.2319849,0.62935543,0.0012293355761473,0.4413314718369144,HIC11,0.0012347190312766,0.0256728039480412,1.0,0.968,0.443264132228307,Megakaryocyte
377,Megakaryocyte,ZBTB16,3.2020128,1.3168294,0.0013647091112099,0.4899305709243703,ZBTB16,4.0166627025651405e-09,0.772608367039057,0.938,0.466,1.44198191022089e-06,Fibroblast
378,Megakaryocyte,ZBTB16,3.2020128,1.3168294,0.0013647091112099,0.4899305709243703,ZBTB161,0.0013706373767058,0.87460341249274,0.882,0.538,0.49205881823739,Megakaryocyte
379,Megakaryocyte,NFKB1,3.192022,1.1871673,0.0014128048907911,0.5071969557940272,NFKB1,9.8408792886232e-20,6.21518960572826,0.939,0.466,3.53287566461573e-17,MSC
380,Megakaryocyte,VDR,3.0221806,1.1753489,0.0025096076010505,0.9009491287771548,VDR,0.0018665509626825,0.462602627975617,1.0,0.917,0.670091795603041,MSC
381,Megakaryocyte,VDR,3.0221806,1.1753489,0.0025096076010505,0.9009491287771548,VDR1,2.24926536679172e-05,0.298749012474878,1.0,0.911,0.0080748626667822,Fibroblast
382,Megakaryocyte,VDR,3.0221806,1.1753489,0.0025096076010505,0.9009491287771548,VDR2,0.0025199813100099,0.0228757372788158,1.0,0.923,0.904673290293557,Megakaryocyte
383,Megakaryocyte,PAX6,2.7923949,1.1643409,0.0052319448091967,1.0,PAX6,1.24419458883466e-08,3.87144841559872,1.0,0.974,4.46665857391643e-06,Fibroblast
384,Megakaryocyte,ETV6,2.7499347,1.1808996,0.0059607161785015,1.0,ETV6,5.11639845304484e-05,1.07737577224767,0.898,0.573,0.018367870446431,MSC
385,Megakaryocyte,USF2,2.6225533,1.0878944,0.0087273583590536,1.0,USF2,1.9267370984014499e-16,3.01055669125096,0.98,0.733,6.9169861832612e-14,MSC
386,Megakaryocyte,USF2,2.6225533,1.0878944,0.0087273583590536,1.0,USF21,0.0087593962577636,0.0666475267174325,0.941,0.756,1.0,Megakaryocyte
387,Megakaryocyte,ZNF589,2.3053493,1.896345,0.0211470160873602,1.0,ZNF589,4.35468943783647e-05,1.67413328045818,0.703,0.497,0.0156333350818329,Fibroblast
388,Megakaryocyte,MYB,2.1529915,2.3908236,0.0313193482850022,1.0,MYB,0.0003183899877466,0.435952679910373,0.755,0.485,0.114302005601039,MSC
389,Megakaryocyte,MYB,2.1529915,2.3908236,0.0313193482850022,1.0,MYB1,0.0031568861733307,1.46091628058763,0.703,0.482,1.0,Fibroblast
390,Megakaryocyte,MYB,2.1529915,2.3908236,0.0313193482850022,1.0,MYB2,0.0016827164889019,2.58640429696416,1.0,0.524,0.604095219515809,Myeloid
391,Megakaryocyte,ZNF639,1.815806,0.86133957,0.069400130780038,1.0,ZNF639,0.0013810665984939,1.87050575721658,0.762,0.636,0.495802908859325,Neural
392,Megakaryocyte,NFYB,1.4936066,0.59945446,0.1352784688977086,1.0,NFYB,1.23048839506449e-05,2.74776278236388,0.851,0.721,0.0044174533382815,Neural
393,Megakaryocyte,USF1,1.4211742,0.58961457,0.1552661263031843,1.0,USF1,1.55225193523725e-16,3.04751868524989,1.0,0.66,5.5725844475017305e-14,MSC
394,Megakaryocyte,ZNF165,1.3812115,0.7164024,0.1672139489870338,1.0,ZNF165,1.85493798719348e-05,1.07023875741541,0.781,0.576,0.0066592273740246,Fibroblast
395,Megakaryocyte,ZBTB2,1.3137743,0.64898306,0.1889221409979992,1.0,ZBTB2,3.47224240304334e-06,0.861180911490691,0.735,0.903,0.0012465350226925,MSC
396,Megakaryocyte,ZBTB2,1.3137743,0.64898306,0.1889221409979992,1.0,ZBTB21,0.0001680610343753,7.75335766172634,0.875,0.869,0.060333911340766,Fibroblast
397,Megakaryocyte,NR2C2,1.2138675,0.5720252,0.2247982927610358,1.0,NR2C2,0.0002138761626938,1.31113055962097,0.812,0.597,0.0767815424071059,Fibroblast
398,Megakaryocyte,YBX1,1.0240446,4.5565925,0.3058141761741769,1.0,YBX1,1.75494910215806e-07,2.59602491805149,0.906,0.895,6.30026727674745e-05,Fibroblast
399,Megakaryocyte,PPARD,0.9965703,1.9785218,0.318973127440432,1.0,PPARD,0.0018529762308678,2.0954876784201,0.673,0.306,0.665218466881571,MSC
400,Megakaryocyte,IRF1,0.8816775,0.73459166,0.3779512400604774,1.0,IRF1,2.96267204903736e-16,3.8242459268064,0.939,0.485,1.0635992656044099e-13,MSC
401,Megakaryocyte,CEBPZ,0.7517986,0.23443,0.4521721549493822,1.0,CEBPZ,0.0031922187320851,2.48232189847305,0.574,0.545,1.0,Neural
402,Megakaryocyte,ELK1,0.4720596,0.06685747,0.6368842362866358,1.0,ELK1,3.30920292273102e-08,4.25902776113562,1.0,0.942,1.18800384926044e-05,MSC
403,Megakaryocyte,WT1,0.37714815,0.049705233,0.7060635033364235,1.0,WT1,0.0084276880771942,1.47819241835211,0.776,0.665,1.0,MSC
404,Megakaryocyte,FOXO3,-0.06493942,2.1780183,0.9482222356812914,1.0,FOXO3,2.40150961243406e-08,2.63768424297773,0.694,0.311,8.62141950863829e-06,MSC
405,Megakaryocyte,ZNF217,-0.59944075,1.3209971,0.5488789878825966,1.0,ZNF217,8.30101931467369e-08,3.29769702080095,0.755,0.354,2.98006593396786e-05,MSC
406,Megakaryocyte,ZNF217,-0.59944075,1.3209971,0.5488789878825966,1.0,ZNF2171,0.0048487264494508,1.82177416696624,0.562,0.387,1.0,Fibroblast
407,Megakaryocyte,HINFP,-1.1489282,1.0919741,0.2505856019517534,1.0,HINFP,0.0065156542157269,2.48070462511641,0.551,0.364,1.0,MSC
408,Megakaryocyte,RELB,-1.3762162,2.1471672,0.1687547295720802,1.0,RELB,0.0059449015417218,5.42992603712525,0.551,0.33,1.0,MSC
409,Megakaryocyte,FOXO4,-1.5610437,0.42282218,0.1185134391570883,1.0,FOXO4,9.965989055650279e-11,0.0539405884443547,0.04,0.24,3.57779007097845e-08,Neural
410,Megakaryocyte,SOX6,-1.6060017,2.3251524,0.1082735224019477,1.0,SOX6,0.0017635795615741,1.94072263562555,0.495,0.344,0.633125062605117,Neural
411,Megakaryocyte,ATF5,-2.0106244,1.4856344,0.0443651561742099,1.0,ATF5,1.2036745991563e-14,1.65004929242671,0.03,0.221,4.32119181097112e-12,Neural
412,Megakaryocyte,GABPA,-2.6874928,3.5188198,0.0071990645078978,1.0,GABPA,1.89997783951826e-07,3.56941861639388,0.634,0.325,6.82092044387056e-05,Neural
413,Megakaryocyte,SNAPC4,-2.732451,3.5280232,0.0062865040515388,1.0,SNAPC4,0.0001482236150669,4.36916628136204,0.515,0.305,0.0532122778090399,Neural
414,Megakaryocyte,PAX2,-3.1745384,3.1792097,0.0015007499117504,0.5387692183184224,PAX2,5.5347287599665e-09,1.71073587064406,0.184,0.024,1.98696762482797e-06,MSC
415,Megakaryocyte,GFI1,-3.5017333,1.3512444,0.0004622421807038,0.1659449428726861,GFI1,0.0065092189021903,3.22193552068779,0.125,0.079,1.0,Fibroblast
416,Megakaryocyte,GFI1,-3.5017333,1.3512444,0.0004622421807038,0.1659449428726861,GFI11,0.0004644134116312,0.396091765060761,0.059,0.095,0.166724414775625,Megakaryocyte
417,Megakaryocyte,FLI1,-3.6790679,0.8483746,0.0002340880313995,0.0840376032724254,FLI1,2.01117060416636e-06,2.56209821054963,0.356,0.195,0.0007220102468957,Neural
418,Megakaryocyte,ATF7,-3.7115376,1.7546678,0.0002060041297976,0.0739554825973549,ATF7,0.0031874080345273,2.558683491891,0.469,0.316,1.0,MSC
419,Megakaryocyte,SOX4,-3.828928,0.8903666,0.0001287026499471,0.046204251331037,SOX4,5.614324291145591e-10,0.567519823449411,0.143,0.019,2.01554242052127e-07,MSC
420,Megakaryocyte,SOX4,-3.828928,0.8903666,0.0001287026499471,0.046204251331037,SOX41,4.50405944432702e-05,3.21483325075538,0.031,0.047,0.016169573405134,Fibroblast
421,Megakaryocyte,FOXK2,-4.0437274,2.9563022,5.260803457500251e-05,0.0188862844124259,FOXK2,5.995933186477e-08,3.50764180594872,0.584,0.26,2.15254001394524e-05,Neural
422,Megakaryocyte,NR2F2,-4.1361413,7.6434727,3.531945998674126e-05,0.0126796861352401,NR2F2,9.874152870312331e-17,3.96033259895495,0.857,0.233,3.5448208804421304e-14,MSC
423,Megakaryocyte,KMT2A,-4.1636157,1.5482002,3.132470818136776e-05,0.011245570237111,KMT2A,1.7866235115283602e-09,2.43457380801434,0.515,0.221,6.41397840638682e-07,Neural
424,Megakaryocyte,KMT2A,-4.1636157,1.5482002,3.132470818136776e-05,0.011245570237111,KMT2A1,0.0008536111070966,2.94540741694745,0.469,0.306,0.306446387447712,MSC
425,Megakaryocyte,KLF3,-4.1711087,1.828803,3.0312110890796637e-05,0.0108820478097959,KLF3,4.26986532665972e-06,5.90332890731832,0.505,0.234,0.0015328816522708,Neural
426,Megakaryocyte,KLF3,-4.1711087,1.828803,3.0312110890796637e-05,0.0108820478097959,KLF31,0.0006542471107428,0.282663900809241,0.51,0.301,0.234874712756685,MSC
427,Megakaryocyte,CDX2,-4.2185645,2.7644892,2.458626310635516e-05,0.0088264684551815,CDX2,5.87139092789733e-05,3.4622588808662,0.612,0.33,0.0210782934311514,MSC
428,Megakaryocyte,ATF3,-4.4608383,2.581444,8.163960059540833e-06,0.0029308616613751,ATF3,6.05853541136942e-06,2.37559121191927,0.571,0.306,0.0021750142126816,MSC
429,Megakaryocyte,IRF8,-4.4983034,4.4861717,6.849785284027173e-06,0.0024590729169657,IRF8,1.1481327005147801e-23,5.24941724478152,0.01,0.123,4.12179639484806e-21,Neural
430,Megakaryocyte,TCF7L2,-5.0602794,1.498392,4.186428380380075e-07,0.0001502927788556,TCF7L2,0.0007180443697592,0.682516615779329,0.337,0.305,0.257777928743566,Neural
431,Megakaryocyte,MAFF,-5.357502,1.6800634,8.438043589253183e-08,3.029257648541893e-05,MAFF,9.76123201241669e-05,1.63592806541171,0.376,0.253,0.0350428229245759,Neural
432,Megakaryocyte,KLF6,-5.454911,2.855443,4.899734611150895e-08,1.7590047254031714e-05,KLF6,4.827899470595801e-10,8.15725101273576,0.816,0.306,1.73321590994389e-07,MSC
433,Megakaryocyte,ZNF750,-5.697185,0.9373453,1.2180166323025789e-08,4.372679709966258e-06,ZNF750,2.13563635984102e-06,1.84236963241224,0.267,0.162,0.0007666934531829,Neural
434,Megakaryocyte,PPARA,-5.7471385,2.0472205,9.076637776313673e-09,3.2585129616966085e-06,PPARA,0.0008339795375514,2.43637251186681,0.551,0.165,0.299398653980987,MSC
435,Megakaryocyte,NR3C1,-5.8620315,9.093009,4.572387465609531e-09,1.6414871001538213e-06,NR3C1,1.0066159318828801e-10,4.80099215251153,0.796,0.296,3.61375119545955e-08,MSC
436,Megakaryocyte,NR2F6,-6.029375,1.1778364,1.6459475492281e-09,5.908951701728879e-07,NR2F6,0.0006825779701931,2.66066421954807,0.208,0.234,0.245045491299341,Neural
437,Megakaryocyte,FOSL2,-6.069338,2.6173446,1.284386360942506e-09,4.610947035783597e-07,FOSL2,1.8965341729292497e-11,2.88240782045899,0.755,0.214,6.80855768081602e-09,MSC
438,Megakaryocyte,DUX4,-6.2092075,2.7813816,5.325248891305349e-10,1.91176435197862e-07,DUX4,2.35427374583495e-07,3.29701322160804,0.505,0.24,8.45184274754749e-05,Neural
439,Megakaryocyte,DUX4,-6.2092075,2.7813816,5.325248891305349e-10,1.91176435197862e-07,DUX41,0.0079076701264481,0.753831778948592,0.51,0.306,1.0,MSC
440,Megakaryocyte,POU4F2,-6.606337,3.1285315,3.93945674271897e-11,1.4142649706361104e-08,POU4F2,4.672271609678e-15,7.97125354974453,0.703,0.208,1.6773455078744e-12,Neural
441,Megakaryocyte,TEAD4,-7.125852,1.4621255,1.0343858927761482e-12,3.713445355066372e-10,TEAD4,0.0075125506072524,7.20783451210519,0.469,0.243,1.0,MSC
442,Megakaryocyte,NANOG,-7.1683125,2.291156,7.592772299630456e-13,2.7258052555673336e-10,NANOG,0.0044490239519331,0.794075410741521,0.347,0.273,1.0,Neural
443,Megakaryocyte,NANOG,-7.1683125,2.291156,7.592772299630456e-13,2.7258052555673336e-10,NANOG1,7.2517874017003105e-09,2.98447421325485,0.612,0.228,2.60339167721041e-06,MSC
444,Megakaryocyte,ONECUT1,-7.248238,1.9090792,4.2222780420967724e-13,1.5157978171127408e-10,ONECUT1,9.52579477890031e-06,2.291428187419,0.426,0.247,0.0034197603256252,Neural
445,Megakaryocyte,ONECUT1,-7.248238,1.9090792,4.2222780420967724e-13,1.5157978171127408e-10,ONECUT11,3.06279046775461e-06,2.61127677387128,0.551,0.262,0.0010995417779239,MSC
446,Megakaryocyte,RUNX2,-7.355638,2.8158143,1.9001741786723494e-13,6.821625301433734e-11,RUNX2,5.00962385206336e-08,2.13327855025814,0.653,0.233,1.79845496289075e-05,MSC
447,Megakaryocyte,RUNX2,-7.355638,2.8158143,1.9001741786723494e-13,6.821625301433734e-11,RUNX21,0.0095497733522442,2.04604419903972,0.453,0.267,1.0,Fibroblast
448,Megakaryocyte,POU5F1,-7.410587,1.3663833,1.2574190618415232e-13,4.5141344320110676e-11,POU5F1,2.28694362040728e-06,0.174875087255279,0.317,0.188,0.0008210127597262,Neural
449,Megakaryocyte,POU5F1,-7.410587,1.3663833,1.2574190618415232e-13,4.5141344320110676e-11,POU5F11,0.0005671492188229,9.69674147277382,0.408,0.199,0.203606569557446,MSC
450,Myeloid,SPI1,3.5958526,5.869692,0.0003233309175558,0.1160757994025675,SPI1,0.0004348646447127,0.441814486564428,0.824,0.566,0.156116407451886,Megakaryocyte
451,Myeloid,SPI1,3.5958526,5.869692,0.0003233309175558,0.1160757994025675,SPI11,0.0003265734778206,4.15984391905718,0.857,0.593,0.117239878537613,Myeloid
452,Myeloid,RARG,3.5075152,4.660128,0.0004523126361322,0.1623802363714617,RARG,0.0003486859151944,1.59902242434008,0.776,0.427,0.125178243554807,MSC
453,Myeloid,RARG,3.5075152,4.660128,0.0004523126361322,0.1623802363714617,RARG1,0.0004567497088842,2.95965925027099,1.0,0.48,0.163973145489441,Myeloid
454,Myeloid,RARB,3.226914,4.22454,0.001251330999095,0.4492278286751323,RARB,0.005915529899525,2.05736313254004,0.416,0.513,1.0,Neural
455,Myeloid,RARB,3.226914,4.22454,0.001251330999095,0.4492278286751323,RARB1,0.0012627408179111,1.2955123977274,1.0,0.46,0.45332395363009,Myeloid
456,Myeloid,MYB,3.1437728,4.7157717,0.0016678486699129,0.5987576724987498,MYB,0.0003183899877466,0.435952679910373,0.755,0.485,0.114302005601039,MSC
457,Myeloid,MYB,3.1437728,4.7157717,0.0016678486699129,0.5987576724987498,MYB1,0.0031568861733307,1.46091628058763,0.703,0.482,1.0,Fibroblast
458,Myeloid,MYB,3.1437728,4.7157717,0.0016678486699129,0.5987576724987498,MYB2,0.0016827164889019,2.58640429696416,1.0,0.524,0.604095219515809,Myeloid
459,Myeloid,CEBPE,2.7176747,5.266844,0.0065742441773508,1.0,CEBPE,0.0066260457631091,7.0962917179891,0.857,0.242,1.0,Myeloid
460,Myeloid,RARA,2.4058955,3.0668595,0.0161328760318792,1.0,RARA,1.67430784256435e-05,1.27597376577846,0.743,0.506,0.006010765154806,Neural
461,Myeloid,ELF5,2.2448096,2.2205918,0.024780352978721,1.0,ELF5,0.0038361703461348,0.726716025499338,0.828,0.654,1.0,Fibroblast
462,Myeloid,ELF5,2.2448096,2.2205918,0.024780352978721,1.0,ELF51,5.46056070725067e-05,1.05063387321162,0.853,0.674,0.0196034129390299,Megakaryocyte
463,Myeloid,HOXA10,2.021368,0.64323765,0.0432416870658365,1.0,HOXA10,5.19500409110209e-08,0.841186170819969,0.816,0.976,1.86500646870565e-05,MSC
464,Myeloid,HOXA10,2.021368,0.64323765,0.0432416870658365,1.0,HOXA101,0.0001347715945495,0.384715377398079,0.938,0.948,0.0483830024432796,Fibroblast
465,Myeloid,HOXA10,2.021368,0.64323765,0.0432416870658365,1.0,HOXA102,0.0001856647995255,1.22602673911397,0.971,0.941,0.0666536630296817,Megakaryocyte
466,Myeloid,HIC1,1.9434232,0.82189083,0.051965046795517,1.0,HIC1,1.5741953525218302e-14,0.919288068601527,0.918,0.985,5.6513613155533795e-12,MSC
467,Myeloid,HIC1,1.9434232,0.82189083,0.051965046795517,1.0,HIC11,0.0012347190312766,0.0256728039480412,1.0,0.968,0.443264132228307,Megakaryocyte
468,Myeloid,IRF1,1.8343005,1.7337432,0.0666093994343523,1.0,IRF1,2.96267204903736e-16,3.8242459268064,0.939,0.485,1.0635992656044099e-13,MSC
469,Myeloid,VDR,1.7875336,1.9780253,0.073851280812021,1.0,VDR,0.0018665509626825,0.462602627975617,1.0,0.917,0.670091795603041,MSC
470,Myeloid,VDR,1.7875336,1.9780253,0.073851280812021,1.0,VDR1,2.24926536679172e-05,0.298749012474878,1.0,0.911,0.0080748626667822,Fibroblast
471,Myeloid,VDR,1.7875336,1.9780253,0.073851280812021,1.0,VDR2,0.0025199813100099,0.0228757372788158,1.0,0.923,0.904673290293557,Megakaryocyte
472,Myeloid,ETV6,1.5952698,1.4891242,0.1106519062324395,1.0,ETV6,5.11639845304484e-05,1.07737577224767,0.898,0.573,0.018367870446431,MSC
473,Myeloid,KLF13,1.5277177,1.3595041,0.1265826435490648,1.0,KLF13,0.0010129999981189,0.752136177620944,0.828,0.717,0.363666999324717,Fibroblast
474,Myeloid,SMAD5,1.4289876,2.539156,0.153007784657993,1.0,SMAD5,0.002437858702413,1.02763417278184,1.0,0.99,0.875191274166278,MSC
475,Myeloid,SMAD5,1.4289876,2.539156,0.153007784657993,1.0,SMAD51,1.6396718776058597e-11,2.55452175569006,1.0,0.991,5.88642204060502e-09,Megakaryocyte
476,Myeloid,STAT5A,1.2990797,1.4181707,0.1939165868453626,1.0,STAT5A,0.0003054498835497,0.55259046064468,0.918,0.835,0.109656508194348,MSC
477,Myeloid,STAT5A,1.2990797,1.4181707,0.1939165868453626,1.0,STAT5A1,4.94778870254088e-06,1.42371761831833,1.0,0.828,0.0017762561442121,Megakaryocyte
478,Myeloid,CEBPB,1.2730981,2.7299087,0.2029832390040187,1.0,CEBPB,3.0690715356523e-12,5.17907633720284,0.816,0.325,1.1017966812991802e-09,MSC
479,Myeloid,CEBPD,1.2471164,1.0086501,0.2123547874732778,1.0,CEBPD,1.15725706942558e-07,2.23534878325743,0.939,0.859,4.15455287923782e-05,MSC
480,Myeloid,ELF1,1.2419201,1.9375083,0.2142660169908259,1.0,ELF1,0.0007959667499312,2.24488060005853,0.694,0.558,0.285752063225316,MSC
481,Myeloid,MYNN,1.2003496,1.8084882,0.2300035857064949,1.0,MYNN,0.0007364126705782,1.87114737387188,0.752,0.558,0.264372148737607,Neural
482,Myeloid,DNMT1,1.1639754,0.97966623,0.2444339850342963,1.0,DNMT1,0.0002122309878353,0.76137470106631,0.953,0.759,0.0761909246328787,Fibroblast
483,Myeloid,DNMT1,1.1639754,0.97966623,0.2444339850342963,1.0,DNMT11,0.0004307896018797,0.832955091032868,0.912,0.792,0.154653467074841,Megakaryocyte
484,Myeloid,BCL11A,1.158779,1.0474448,0.2465462502578541,1.0,BCL11A,0.0060235784132234,0.828158581237388,0.918,0.777,1.0,MSC
485,Myeloid,BCL11A,1.158779,1.0474448,0.2465462502578541,1.0,BCL11A1,0.0005391298083636,0.441630040571846,0.971,0.778,0.193547601202543,Megakaryocyte
486,Myeloid,ZC3H8,1.0756379,1.5985982,0.282089197984072,1.0,ZC3H8,6.50192680371951e-05,0.847823193151862,0.766,0.44,0.023341917225353,Fibroblast
487,Myeloid,ZFX,1.04446,0.58201504,0.2962725885448521,1.0,ZFX,7.57199047515652e-05,0.967614561895868,1.0,0.95,0.0271834458058119,Megakaryocyte
488,Myeloid,PAX5,0.96131897,1.922079,0.3363918171196193,1.0,PAX5,7.92934950446795e-06,1.72325534461279,0.882,0.516,0.0028466364721039,Megakaryocyte
489,Myeloid,IRF3,0.81062573,1.7450682,0.4175806428841845,1.0,IRF3,6.8409080624528e-07,2.38675048749144,0.653,0.377,0.000245588599442,Neural
490,Myeloid,TEAD2,0.7482699,0.64253455,0.4542973799874389,1.0,TEAD2,1.55221757636367e-08,1.92615878227077,0.959,0.694,5.57246109914557e-06,MSC
491,Myeloid,TEAD2,0.7482699,0.64253455,0.4542973799874389,1.0,TEAD21,2.69019417783781e-07,1.20343267005555,1.0,0.706,9.65779709843775e-05,Megakaryocyte
492,Myeloid,JUNB,0.72748464,0.89407,0.4669291342028497,1.0,JUNB,0.0074165787948398,1.20064028187941,0.714,0.597,1.0,MSC
493,Myeloid,ZNF207,0.71189564,0.6456021,0.4765293880399487,1.0,ZNF207,0.0083743437420487,1.23038574298651,0.878,0.767,1.0,MSC
494,Myeloid,ZNF207,0.71189564,0.6456021,0.4765293880399487,1.0,ZNF2071,8.21167176314552e-06,0.978635678054197,0.971,0.76,0.0029479901629692,Megakaryocyte
495,Myeloid,ETS1,0.6911104,1.1128775,0.4894961725800557,1.0,ETS1,4.29460152147076e-10,2.38014341224524,1.0,0.878,1.541761946208e-07,Megakaryocyte
496,Myeloid,SIX5,0.62875456,0.55754334,0.5295097504029989,1.0,SIX5,0.0003079978361057,0.510382686515157,0.98,0.961,0.11057122316197,MSC
497,Myeloid,SIX5,0.62875456,0.55754334,0.5295097504029989,1.0,SIX51,1.4112619687804e-08,1.38356629089678,1.0,0.953,5.06643046792165e-06,Fibroblast
498,Myeloid,SIX5,0.62875456,0.55754334,0.5295097504029989,1.0,SIX52,7.97767862948184e-05,0.593672855577995,1.0,0.959,0.0286398662798398,Megakaryocyte
499,Myeloid,CEBPZ,0.56639874,1.2243674,0.5711227516974444,1.0,CEBPZ,0.0031922187320851,2.48232189847305,0.574,0.545,1.0,Neural
500,Myeloid,ZBTB16,0.5508098,0.19157858,0.5817640770968635,1.0,ZBTB16,4.0166627025651405e-09,0.772608367039057,0.938,0.466,1.44198191022089e-06,Fibroblast
501,Myeloid,ZBTB16,0.5508098,0.19157858,0.5817640770968635,1.0,ZBTB161,0.0013706373767058,0.87460341249274,0.882,0.538,0.49205881823739,Megakaryocyte
502,Myeloid,ESR2,0.54561347,0.2511895,0.5853316671128521,1.0,ESR2,1.08090804222596e-10,2.3882745392213,1.0,0.757,3.8804598715912e-08,MSC
503,Myeloid,ZEB1,0.48325765,0.41505507,0.6289128133827965,1.0,ZEB1,0.0055285006672981,1.37229603942182,0.714,0.578,1.0,MSC
504,Myeloid,EPAS1,0.47806132,0.87093496,0.6326065605976867,1.0,EPAS1,0.0008037134392544,1.97182568165949,0.734,0.487,0.288533124692361,Fibroblast
505,Myeloid,GLI1,0.4157055,0.23406701,0.6776255186268242,1.0,GLI1,0.0085895372111079,0.7938077037191,0.653,0.35,1.0,MSC
506,Myeloid,ZBED1,0.40011653,0.5394445,0.6890706820204705,1.0,ZBED1,1.74439732761519e-07,2.51677334850819,1.0,1.0,6.26238640613852e-05,MSC
507,Myeloid,ZBED1,0.40011653,0.5394445,0.6890706820204705,1.0,ZBED11,1.23273050442351e-10,1.52642757946013,1.0,1.0,4.4255025108804e-08,Megakaryocyte
508,Myeloid,ZHX1,0.33776072,0.5697406,0.7355435159265297,1.0,ZHX1,2.91018484905893e-16,3.51000178902371,0.98,0.646,1.04475636081215e-13,MSC
509,Myeloid,KLF5,0.29619017,0.053302426,0.7670848582333083,1.0,KLF5,0.0002691761313066,0.599644415826818,0.938,0.78,0.0966342311391015,Fibroblast
510,Myeloid,TFDP1,0.17147851,0.57546985,0.8638475209194871,1.0,TFDP1,3.5072090432074e-05,1.44171918516855,0.921,0.792,0.0125908804651146,Neural
511,Myeloid,TBP,0.16628219,0.15834098,0.8679348744445702,1.0,TBP,2.99921751004196e-06,1.2236328939868,0.959,0.806,0.001076719086105,MSC
512,Myeloid,FOXO3,0.11951533,1.7350175,0.9048670952843872,1.0,FOXO3,2.40150961243406e-08,2.63768424297773,0.694,0.311,8.62141950863829e-06,MSC
513,Myeloid,ARID2,0.10912269,0.24270369,0.9131051760687382,1.0,ARID2,2.03121878177615e-05,1.43090238079723,0.898,0.636,0.0072920754265763,MSC
514,Myeloid,PPARD,0.08833742,1.0619953,0.9296084999013636,1.0,PPARD,0.0018529762308678,2.0954876784201,0.673,0.306,0.665218466881571,MSC
515,Myeloid,TCF7,0.0,4.0581374,1.0,1.0,TCF7,0.0006782610092809,1.45997712645984,0.614,0.409,0.243495702331848,Neural
516,Myeloid,ZBTB33,-0.020785274,0.14000584,0.9834169441859234,1.0,ZBTB33,0.0017348228624029,1.47287229230007,1.0,0.956,0.622801407602664,MSC
517,Myeloid,ZBTB33,-0.020785274,0.14000584,0.9834169441859234,1.0,ZBTB331,0.0002551875656526,0.284609195197287,1.0,0.953,0.0916123360693132,Fibroblast
518,Myeloid,ZBTB33,-0.020785274,0.14000584,0.9834169441859234,1.0,ZBTB332,2.01596752822738e-06,0.393882411750162,1.0,0.959,0.0007237323426336,Megakaryocyte
519,Myeloid,MYC,-0.025981594,0.116980225,0.979272019724375,1.0,MYC,3.83527969704759e-16,3.8165887727709,1.0,0.995,1.3768654112400899e-13,Megakaryocyte
520,Myeloid,HIVEP2,-0.057159506,0.76661825,0.95441813509685,1.0,HIVEP2,1.06765127671954e-18,2.02815137947717,0.98,0.209,3.83286808342313e-16,MSC
521,Myeloid,HIVEP2,-0.057159506,0.76661825,0.95441813509685,1.0,HIVEP21,1.61569204385382e-07,2.68268529595635,0.882,0.276,5.80033443743523e-05,Megakaryocyte
522,Myeloid,POU5F1,-0.25461963,0.30505085,0.7990169065364487,1.0,POU5F1,2.28694362040728e-06,0.174875087255279,0.317,0.188,0.0008210127597262,Neural
523,Myeloid,POU5F1,-0.25461963,0.30505085,0.7990169065364487,1.0,POU5F11,0.0005671492188229,9.69674147277382,0.408,0.199,0.203606569557446,MSC
524,Myeloid,GLI3,-0.37413496,3.9979115,0.7083039197052377,1.0,GLI3,9.05981844252902e-05,0.9995242647136,0.286,0.083,0.0325247482086792,MSC
525,Myeloid,ATF7,-0.48845395,0.69566077,0.625228330103472,1.0,ATF7,0.0031874080345273,2.558683491891,0.469,0.316,1.0,MSC
526,Myeloid,KLF6,-0.68591404,1.046712,0.4927672975232644,1.0,KLF6,4.827899470595801e-10,8.15725101273576,0.816,0.306,1.73321590994389e-07,MSC
527,Myeloid,ZNF175,-0.6963067,1.6085382,0.4862367739035014,1.0,ZNF175,2.25133647802739e-07,2.12194461832681,0.714,0.364,8.08229795611832e-05,MSC
528,Myeloid,ATF5,-0.7066994,1.214485,0.4797533371765841,1.0,ATF5,1.2036745991563e-14,1.65004929242671,0.03,0.221,4.32119181097112e-12,Neural
529,Myeloid,PPARA,-0.7066994,0.48556542,0.4797533371765841,1.0,PPARA,0.0008339795375514,2.43637251186681,0.551,0.165,0.299398653980987,MSC
530,Myeloid,FOXK2,-0.73787725,0.816973,0.4605890408090812,1.0,FOXK2,5.995933186477e-08,3.50764180594872,0.584,0.26,2.15254001394524e-05,Neural
531,Myeloid,NR5A1,-0.7430736,5.3130593,0.4574371370051653,1.0,NR5A1,4.72363426735813e-16,0.613320837316937,0.01,0.201,1.69578470198157e-13,Neural
532,Myeloid,NANOG,-0.84699994,0.97110176,0.396995149689634,1.0,NANOG,0.0044490239519331,0.794075410741521,0.347,0.273,1.0,Neural
533,Myeloid,NANOG,-0.84699994,0.97110176,0.396995149689634,1.0,NANOG1,7.2517874017003105e-09,2.98447421325485,0.612,0.228,2.60339167721041e-06,MSC
534,Myeloid,SOX4,-0.93533736,0.5357508,0.3496144636839929,1.0,SOX4,5.614324291145591e-10,0.567519823449411,0.143,0.019,2.01554242052127e-07,MSC
535,Myeloid,SOX4,-0.93533736,0.5357508,0.3496144636839929,1.0,SOX41,4.50405944432702e-05,3.21483325075538,0.031,0.047,0.016169573405134,Fibroblast
536,Myeloid,NR2F2,-0.9769079,2.3910146,0.3286147419494026,1.0,NR2F2,9.874152870312331e-17,3.96033259895495,0.857,0.233,3.5448208804421304e-14,MSC
537,Myeloid,ZBTB11,-1.028871,2.2392628,0.3035402484901086,1.0,ZBTB11,0.001722370016135,3.35262347849568,0.594,0.318,0.618330835792464,Neural
538,Myeloid,MAFF,-1.060049,0.80690664,0.2891223004478757,1.0,MAFF,9.76123201241669e-05,1.63592806541171,0.376,0.253,0.0350428229245759,Neural
539,Myeloid,IRF8,-1.1483865,1.3547429,0.2508090713371933,1.0,IRF8,1.1481327005147801e-23,5.24941724478152,0.01,0.123,4.12179639484806e-21,Neural
540,Myeloid,NR2F6,-1.2263312,0.6191055,0.2200740592480181,1.0,NR2F6,0.0006825779701931,2.66066421954807,0.208,0.234,0.245045491299341,Neural
541,Myeloid,TCF7L2,-1.2782944,0.8649766,0.2011456409095553,1.0,TCF7L2,0.0007180443697592,0.682516615779329,0.337,0.305,0.257777928743566,Neural
542,Myeloid,E2F6,-1.2782944,2.6633432,0.2011456409095553,1.0,E2F6,7.15418906582337e-05,2.7142221457419,0.545,0.305,0.0256835387463059,Neural
543,Myeloid,ATF3,-1.3614355,1.5831677,0.1733761033764672,1.0,ATF3,6.05853541136942e-06,2.37559121191927,0.571,0.306,0.0021750142126816,MSC
544,Myeloid,CDX2,-1.4757545,1.780233,0.1400098059118986,1.0,CDX2,5.87139092789733e-05,3.4622588808662,0.612,0.33,0.0210782934311514,MSC
545,Myeloid,ZNF750,-1.5640919,0.5920126,0.1177959806524447,1.0,ZNF750,2.13563635984102e-06,1.84236963241224,0.267,0.162,0.0007666934531829,Neural
546,Myeloid,DUX4,-1.5744846,1.4541438,0.1153754663506253,1.0,DUX4,2.35427374583495e-07,3.29701322160804,0.505,0.24,8.45184274754749e-05,Neural
547,Myeloid,DUX4,-1.5744846,1.4541438,0.1153754663506253,1.0,DUX41,0.0079076701264481,0.753831778948592,0.51,0.306,1.0,MSC
548,Myeloid,RUNX2,-1.6056625,1.3920513,0.1083480892123798,1.0,RUNX2,5.00962385206336e-08,2.13327855025814,0.653,0.233,1.79845496289075e-05,MSC
549,Myeloid,RUNX2,-1.6056625,1.3920513,0.1083480892123798,1.0,RUNX21,0.0095497733522442,2.04604419903972,0.453,0.267,1.0,Fibroblast
550,Myeloid,NR3C1,-1.6108588,2.1222477,0.1072105017905635,1.0,NR3C1,1.0066159318828801e-10,4.80099215251153,0.796,0.296,3.61375119545955e-08,MSC
551,Myeloid,KLF3,-1.6420367,1.2291265,0.1005823961690707,1.0,KLF3,4.26986532665972e-06,5.90332890731832,0.505,0.234,0.0015328816522708,Neural
552,Myeloid,KLF3,-1.6420367,1.2291265,0.1005823961690707,1.0,KLF31,0.0006542471107428,0.282663900809241,0.51,0.301,0.234874712756685,MSC
553,Myeloid,MYBL1,-1.8031226,1.8918734,0.0713689638982081,1.0,MYBL1,9.35227199772123e-16,7.96972556625566,0.069,0.195,3.35746564718192e-13,Neural
554,Myeloid,ONECUT1,-1.8446932,1.1487718,0.065082189177612,1.0,ONECUT1,9.52579477890031e-06,2.291428187419,0.426,0.247,0.0034197603256252,Neural
555,Myeloid,ONECUT1,-1.8446932,1.1487718,0.065082189177612,1.0,ONECUT11,3.06279046775461e-06,2.61127677387128,0.551,0.262,0.0010995417779239,MSC
556,Myeloid,ZNF217,-1.9434232,2.9439888,0.051965046795517,1.0,ZNF217,8.30101931467369e-08,3.29769702080095,0.755,0.354,2.98006593396786e-05,MSC
557,Myeloid,ZNF217,-1.9434232,2.9439888,0.051965046795517,1.0,ZNF2171,0.0048487264494508,1.82177416696624,0.562,0.387,1.0,Fibroblast
558,Myeloid,MYBL2,-1.9642085,2.756097,0.0495059208001117,1.0,MYBL2,8.85267469036983e-11,2.93428399533298,0.796,0.311,3.17811021384277e-08,MSC
559,Myeloid,POU4F2,-2.005779,1.7319008,0.0448798298962581,1.0,POU4F2,4.672271609678e-15,7.97125354974453,0.703,0.208,1.6773455078744e-12,Neural
560,Myeloid,FOSL2,-2.0837238,1.6700548,0.0371852978943117,1.0,FOSL2,1.8965341729292497e-11,2.88240782045899,0.755,0.214,6.80855768081602e-09,MSC
561,Myeloid,SPDEF,-2.1720612,1.1259773,0.0298510455702645,1.0,SPDEF,1.7618379682186999e-28,4.98051014035185,0.01,0.091,6.32499830590514e-26,Neural
562,Myeloid,TEAD4,-2.281184,1.0069464,0.0225375663026293,1.0,TEAD4,0.0075125506072524,7.20783451210519,0.469,0.243,1.0,MSC
563,Myeloid,PRDM1,-2.2863803,3.8337612,0.0222320238203517,1.0,PRDM1,0.0001008144411687,2.86003115206283,0.694,0.417,0.0361923843795802,MSC
564,Myeloid,PRDM1,-2.2863803,3.8337612,0.0222320238203517,1.0,PRDM11,2.36993866103075e-05,1.09807043154226,0.625,0.419,0.0085080797931004,Fibroblast
565,Myeloid,PIN1,-2.3591287,1.3782426,0.0183179019998442,1.0,PIN1,1.7185905903618001e-22,3.56130922981179,0.03,0.136,6.16974021939886e-20,Neural
566,Myeloid,FOXO4,-2.7488525,2.1896622,0.0059804273976406,1.0,FOXO4,9.965989055650279e-11,0.0539405884443547,0.04,0.24,3.57779007097845e-08,Neural
567,Myeloid,EGR1,-3.211325,2.784721,0.001321244338555,0.4743267175412684,EGR1,5.305406613052361e-09,1.73214934317959,0.634,0.312,1.9046409740858e-06,Neural
568,Myeloid,EGR1,-3.211325,2.784721,0.001321244338555,0.4743267175412684,EGR11,0.0032547246810836,1.52804024651085,0.551,0.413,1.0,MSC
